date,All,33503,33510,33511,33523,33527,33534,33547,33548,33549,33556,33558,33559,33563,33565,33566,33567,33569,33570,33572,33573,33578,33579,33584,33592,33594,33596,33598,33602,33603,33604,33605,33606,33607,33609,33610,33611,33612,33613,33614,33615,33616,33617,33618,33619,33620,33621,33624,33625,33626,33629,33634,33635,33637,33647
2020-12-14,9,0,0,1,0,0,1,0,0,0,0,0,0,0,0,0,0,0,0,0,0,0,0,0,0,0,0,0,0,0,0,0,0,0,0,1,0,1,0,0,0,0,0,0,0,0,0,0,0,0,3,0,0,1,1
2020-12-15,416,0,5,9,0,2,0,2,4,1,4,3,4,0,3,0,0,2,1,4,1,9,10,2,2,4,4,1,59,7,15,9,79,9,19,5,22,5,8,3,3,6,4,3,8,0,0,5,5,6,36,2,3,4,14
2020-12-16,617,0,5,23,0,4,4,9,1,6,7,10,4,1,0,1,1,6,1,13,4,31,11,4,0,8,8,4,49,16,8,2,64,15,34,6,30,7,15,10,12,13,11,15,9,1,0,14,5,16,53,10,4,1,31
2020-12-17,1659,0,14,34,0,6,2,17,24,21,35,51,24,1,5,8,3,17,9,23,8,46,37,17,14,14,17,9,83,41,35,9,109,39,76,21,81,25,61,28,27,20,37,56,15,0,1,47,33,46,84,15,17,12,185
2020-12-18,1146,0,14,29,0,7,5,21,13,8,15,23,9,2,5,7,4,21,10,21,5,36,14,18,2,15,25,4,75,18,17,7,77,31,50,13,77,14,19,7,23,19,19,38,18,0,0,31,22,35,75,12,12,14,90
2020-12-19,260,0,8,11,0,1,3,4,2,2,2,1,1,0,1,1,1,1,0,2,2,14,7,5,0,1,1,3,12,12,5,3,11,2,15,1,16,2,9,5,7,7,10,4,5,0,0,8,6,5,19,0,5,5,12
2020-12-20,238,0,4,5,0,1,1,4,1,2,6,3,1,1,0,0,0,1,3,1,3,6,7,1,0,3,5,2,16,2,4,1,22,5,8,4,15,6,2,7,6,6,1,7,3,0,0,6,1,12,16,3,6,2,16
2020-12-21,937,0,10,42,0,3,7,28,8,7,11,14,2,3,6,6,7,12,8,12,4,40,29,12,6,20,19,5,49,14,15,5,36,22,25,11,57,13,14,16,16,15,10,74,21,0,1,14,19,20,63,4,10,8,64
2020-12-22,963,0,11,32,0,8,7,12,8,6,21,19,11,6,7,12,3,12,3,21,11,26,24,16,5,15,21,6,24,16,20,5,34,15,16,10,38,18,144,18,18,9,24,17,11,0,0,32,19,22,41,8,10,13,58
2020-12-23,1963,0,21,62,0,11,15,37,68,12,40,43,8,11,6,10,9,36,13,45,70,56,48,19,9,46,32,16,78,39,30,15,47,44,48,24,70,64,78,25,58,17,31,45,20,0,0,53,35,137,98,22,35,12,95
2020-12-24,464,0,8,18,0,4,1,9,4,7,27,21,7,8,2,3,3,13,6,16,6,28,20,5,1,9,9,6,16,2,5,3,10,13,5,4,8,7,6,5,3,3,9,8,7,0,0,11,7,15,15,4,6,5,46
2020-12-25,8,0,0,0,0,0,0,1,0,0,0,1,0,0,0,0,1,0,0,0,0,0,0,0,0,0,0,0,0,0,0,0,0,0,0,0,2,0,0,0,0,0,3,0,0,0,0,0,0,0,0,0,0,0,0
2020-12-26,264,0,3,7,0,0,0,4,0,4,12,10,1,2,0,3,0,6,10,7,4,11,11,3,3,6,2,6,5,2,6,34,4,7,3,4,4,3,5,1,2,6,2,5,4,0,0,12,8,4,5,3,4,4,12
2020-12-27,23,0,3,0,0,1,0,0,0,0,0,1,0,0,0,0,0,0,1,0,1,0,1,0,0,0,0,0,1,0,0,1,1,1,0,1,1,3,1,1,0,0,1,0,0,0,0,0,0,0,1,0,0,0,2
2020-12-28,1889,0,78,58,0,10,12,35,23,16,37,90,8,14,13,23,5,37,24,38,78,67,71,16,12,38,36,26,49,29,21,13,33,51,42,22,53,80,22,43,30,13,34,38,12,1,1,56,46,31,136,21,12,8,127
2020-12-29,1916,0,22,77,0,13,16,34,11,27,35,76,15,77,8,8,3,33,28,39,108,67,49,23,14,51,32,20,39,31,27,10,57,32,39,19,51,31,24,41,43,19,33,47,19,1,0,68,36,42,79,17,19,15,191
2020-12-30,1430,1,21,44,0,7,13,21,10,17,60,35,5,10,21,110,10,36,18,25,36,45,43,14,4,37,37,12,30,28,20,2,27,25,31,16,40,22,17,31,99,18,27,33,16,2,1,42,20,37,49,12,17,10,66
2020-12-31,484,0,6,21,0,1,2,5,5,5,15,13,3,2,4,7,3,13,3,8,8,16,20,12,4,20,16,9,12,8,6,5,13,5,8,13,15,9,6,10,10,9,13,10,10,0,1,9,4,10,26,5,4,2,40
2021-01-01,282,0,4,12,0,2,1,4,5,2,3,5,1,6,1,11,1,5,5,6,16,9,8,10,4,8,9,4,7,2,1,1,5,3,9,3,7,9,10,3,4,4,5,11,4,0,0,7,4,6,6,3,1,2,23
2021-01-02,710,0,8,17,0,6,3,22,2,4,15,22,6,13,3,6,3,10,9,17,18,29,21,10,3,8,17,5,12,9,11,3,22,16,19,13,25,85,10,13,15,3,19,18,11,0,0,20,10,24,19,5,10,8,33
2021-01-03,366,0,6,134,0,1,0,2,2,2,2,7,2,8,2,1,0,3,1,10,9,9,8,3,2,10,7,2,3,3,1,2,0,2,6,7,5,32,2,0,4,2,5,16,6,0,0,8,5,5,6,1,0,2,10
2021-01-04,2259,1,27,64,0,13,5,33,19,128,44,68,21,15,20,20,3,37,23,43,54,73,59,27,8,41,44,25,82,33,41,4,98,38,64,27,58,45,59,42,53,21,61,67,24,0,0,69,49,52,78,19,18,26,216
2021-01-05,2499,0,33,79,0,19,14,33,30,22,44,52,30,21,20,25,9,38,40,47,43,73,62,23,15,62,37,28,98,50,39,19,102,46,72,133,81,46,56,44,49,20,54,70,39,1,2,71,41,72,96,28,20,29,222
2021-01-06,4559,0,81,167,0,47,27,94,53,43,146,110,33,47,46,65,25,77,59,95,142,119,98,69,27,106,138,100,121,54,68,18,139,62,99,101,130,44,97,66,118,27,93,216,35,2,3,155,86,168,174,39,56,31,343
2021-01-07,5398,0,69,159,0,22,32,105,55,60,103,127,43,22,20,44,17,85,75,128,250,125,96,52,22,69,114,144,142,73,75,19,202,104,158,46,215,73,325,94,96,47,129,210,49,0,3,162,154,149,279,48,59,40,409
2021-01-08,5358,0,82,174,0,30,22,110,72,52,131,112,41,40,44,65,19,68,64,91,217,132,83,63,24,101,149,176,154,59,67,33,164,78,155,47,233,82,120,94,118,46,145,213,41,1,1,186,157,140,251,58,53,51,449
2021-01-09,3454,0,59,127,0,18,11,91,24,33,58,56,23,22,30,57,13,57,44,134,308,74,45,43,18,103,112,196,68,45,34,17,99,27,82,33,121,52,53,60,58,40,83,113,18,0,0,95,56,80,166,32,21,33,212
2021-01-10,1014,0,11,16,0,5,1,21,5,13,10,29,3,6,7,6,6,23,5,28,29,19,15,26,7,28,32,33,11,10,5,25,30,14,9,113,19,16,15,16,19,9,50,30,41,0,0,23,21,31,37,13,9,9,55
2021-01-11,3335,0,36,94,0,11,17,68,41,21,55,60,16,67,43,24,8,48,42,57,189,79,61,38,19,61,44,44,98,45,73,18,98,59,130,33,196,59,56,95,72,28,87,149,38,0,0,93,102,76,153,48,34,14,238
2021-01-12,3999,0,43,104,0,28,18,80,35,37,67,75,31,50,41,41,19,107,42,72,317,94,67,38,22,60,73,65,84,36,105,14,82,66,79,38,116,80,238,100,187,28,109,150,46,1,3,104,71,86,139,26,48,25,312
2021-01-13,6054,1,138,286,0,51,31,114,151,59,80,92,19,62,66,95,30,107,104,173,464,155,99,67,31,165,158,148,128,63,55,31,249,76,99,62,300,153,156,99,112,39,161,193,64,1,0,138,64,186,211,45,46,50,327
2021-01-14,5921,0,82,221,0,55,27,111,138,69,133,88,26,34,42,64,26,89,76,130,571,132,91,71,29,116,161,131,98,61,79,27,134,159,118,98,192,290,84,245,134,51,137,171,50,0,5,181,100,143,207,66,61,39,278
2021-01-15,5709,0,86,194,0,46,16,92,54,88,128,150,32,38,66,45,30,113,70,135,400,146,112,67,29,131,124,129,69,67,104,22,103,97,131,56,164,187,111,289,177,27,153,191,55,1,1,201,95,161,191,75,58,82,320
2021-01-16,2298,0,40,104,0,13,6,46,22,24,37,27,7,28,16,35,19,36,33,49,151,90,37,31,16,47,55,32,68,30,54,50,55,65,29,41,62,53,35,97,86,11,54,74,21,1,1,67,30,77,71,20,13,36,96
2021-01-17,441,0,22,16,0,3,0,9,7,5,1,6,0,4,1,5,1,6,9,5,9,12,5,5,1,13,15,3,7,5,4,19,28,48,6,3,7,13,8,30,14,0,12,20,4,1,0,7,5,6,12,3,1,3,12
2021-01-18,2696,1,94,83,0,7,8,39,26,12,34,125,11,11,15,15,31,39,29,53,614,59,53,27,9,43,33,33,38,26,30,9,59,31,31,33,54,106,73,71,59,19,50,45,25,1,0,50,32,25,152,23,14,12,124
2021-01-19,2566,0,98,156,0,20,21,53,15,17,50,32,9,20,24,27,11,45,44,54,275,68,64,33,16,59,41,58,29,18,51,17,51,39,29,31,43,40,32,34,60,14,81,67,31,0,0,65,54,174,68,16,26,19,167
2021-01-20,2415,1,21,58,0,14,7,23,16,31,53,32,9,114,23,100,9,33,33,46,105,52,34,16,9,44,49,35,140,40,44,56,33,20,31,82,38,39,51,95,133,16,80,61,32,2,0,47,29,168,58,22,11,15,105
2021-01-21,4091,0,77,126,1,37,23,55,41,49,100,80,18,93,38,78,15,53,88,70,252,163,85,43,30,101,107,77,41,159,75,31,71,59,57,38,122,133,203,118,108,17,112,147,32,1,0,121,79,113,103,38,32,39,142
2021-01-22,4172,0,63,137,1,33,18,61,48,106,107,82,21,48,60,57,14,79,90,138,269,94,67,39,73,80,79,61,163,62,82,22,70,61,68,40,130,99,125,108,87,33,89,152,44,2,0,135,101,79,182,45,43,17,208
2021-01-23,2652,0,51,104,2,25,13,32,16,14,22,24,4,88,72,76,17,29,103,113,264,99,86,44,20,76,75,59,11,19,30,10,36,24,48,42,86,144,86,52,55,23,86,45,30,0,1,39,22,22,52,39,19,9,94
2021-01-24,2101,0,30,231,0,22,16,55,15,21,49,39,5,23,15,20,12,41,32,39,174,38,37,31,16,45,55,60,16,14,42,25,26,67,24,88,33,84,32,34,51,13,66,48,76,0,0,43,29,36,38,18,21,18,38
2021-01-25,3203,1,44,89,0,29,15,56,35,149,74,59,22,19,40,29,6,59,72,137,211,64,49,44,22,63,73,71,43,36,45,15,59,28,42,41,145,48,54,63,65,18,76,122,28,2,3,146,78,85,118,44,38,22,207
2021-01-26,3304,2,53,79,1,26,10,44,27,30,86,84,12,14,25,24,6,60,39,100,168,65,67,51,22,84,79,77,83,29,54,10,106,52,86,95,94,46,47,63,109,27,140,145,40,4,5,112,59,104,138,30,44,23,224
2021-01-27,4751,0,47,105,0,35,15,87,37,61,102,90,17,93,35,50,16,50,81,118,1204,69,56,39,19,82,108,124,61,38,55,12,65,21,60,106,77,43,46,82,75,12,63,229,36,0,2,169,171,104,110,33,45,26,270
2021-01-28,5592,0,76,130,1,34,30,104,44,54,86,85,25,40,33,40,11,83,62,140,1245,100,105,58,20,96,130,127,85,61,44,17,105,99,109,52,138,51,294,95,90,38,104,177,33,2,4,128,82,83,353,55,24,35,275
2021-01-29,4662,0,42,106,0,19,18,73,43,37,95,84,30,31,32,58,15,69,64,73,1127,84,69,44,13,67,105,145,56,51,203,15,84,59,76,36,109,56,69,66,89,29,100,158,32,0,2,146,67,114,146,40,46,33,237
2021-01-30,4265,2,55,95,0,17,18,67,34,33,35,50,10,30,29,57,17,69,68,136,1071,77,71,49,25,96,86,138,50,51,68,45,52,64,65,124,99,68,59,66,66,17,108,134,67,0,1,105,59,77,89,38,30,31,197
2021-01-31,1346,0,13,23,0,12,4,26,12,14,22,30,3,3,9,9,3,33,31,30,63,29,17,20,11,29,37,32,19,5,21,35,26,26,26,149,16,27,26,21,31,7,65,52,53,2,0,47,25,10,19,15,18,12,78
2021-02-01,4945,1,47,161,0,16,24,72,70,29,120,100,30,60,64,26,7,71,81,111,327,177,93,79,30,156,187,118,68,48,84,71,105,72,166,75,146,116,110,165,142,31,217,184,37,0,4,118,65,76,142,73,38,22,313
2021-02-02,7105,0,56,171,0,55,32,92,81,95,170,157,54,65,35,46,20,131,62,93,1383,111,76,59,28,98,124,98,259,55,129,15,117,94,120,50,154,105,195,188,262,30,162,272,41,0,3,187,213,179,235,59,97,75,417
2021-02-03,8405,1,149,246,0,51,30,134,103,67,121,119,28,140,89,105,33,133,178,212,1450,193,142,101,55,199,195,175,130,68,112,30,297,160,140,71,350,157,159,102,166,59,190,295,117,1,3,195,113,202,246,69,53,52,419
2021-02-04,9774,0,126,408,1,88,47,152,178,102,216,182,58,82,74,82,35,165,177,221,1428,219,120,112,46,196,245,360,134,85,150,29,157,189,141,128,221,364,135,312,216,58,197,271,65,0,3,282,193,264,318,104,87,70,481
2021-02-05,8344,0,116,257,1,59,27,123,60,123,170,182,43,122,98,76,47,140,146,248,708,170,116,91,38,178,167,413,100,96,189,38,124,114,182,77,194,235,142,346,213,47,226,296,82,1,2,340,152,213,235,85,85,110,501
2021-02-06,4193,1,67,155,0,25,11,78,27,47,99,80,23,43,49,60,23,85,121,145,145,92,69,73,27,98,127,124,105,71,79,32,92,103,64,63,127,95,68,140,125,34,104,122,54,0,2,155,81,112,176,43,26,34,192
2021-02-07,1262,0,37,36,0,8,1,30,14,14,24,43,5,15,12,12,15,19,41,47,32,41,26,15,2,25,20,34,9,16,19,17,52,58,17,10,34,23,16,42,32,6,31,43,13,0,0,47,26,44,40,18,15,7,59
2021-02-08,3827,1,58,107,0,23,15,51,38,38,99,108,20,19,27,29,25,61,90,95,619,149,74,31,14,58,47,47,50,38,59,20,84,40,55,36,82,219,96,89,88,22,98,89,45,0,0,108,59,102,100,49,33,17,206
2021-02-09,3949,1,101,174,0,27,20,66,33,31,73,47,7,100,56,72,21,61,78,85,284,95,65,54,15,82,82,58,42,30,104,9,160,33,47,46,86,66,44,68,108,24,99,91,39,2,0,116,71,477,105,44,45,22,183
2021-02-10,4699,0,57,132,1,37,21,71,35,62,84,69,26,50,49,76,23,67,64,90,339,111,75,36,31,115,95,64,232,73,93,77,68,61,58,125,126,102,157,178,146,32,149,154,67,1,1,143,88,206,109,58,43,33,239
2021-02-11,5353,1,62,166,2,41,31,115,52,68,129,85,33,87,62,53,18,78,121,116,242,221,135,65,46,201,126,82,76,193,96,50,75,68,109,67,162,143,204,147,131,41,135,183,59,2,2,182,108,112,148,65,50,35,272
2021-02-12,6500,0,124,255,0,42,42,152,80,149,132,144,36,54,80,83,32,143,103,162,234,175,127,79,72,185,187,81,183,71,127,35,96,68,114,89,193,162,165,175,137,45,203,250,74,1,4,193,153,170,252,78,65,56,388
2021-02-13,4520,0,97,158,0,48,21,104,36,55,84,89,28,65,51,69,28,100,109,132,205,125,88,97,45,118,128,82,62,66,74,44,53,71,56,132,96,128,85,124,111,23,144,131,85,1,0,157,98,97,113,47,45,46,269
2021-02-14,2816,0,36,153,0,27,11,47,18,31,50,38,15,33,24,28,10,67,68,81,124,72,68,56,29,54,77,53,31,32,71,38,44,84,44,94,60,36,40,78,59,15,117,98,83,1,5,118,60,57,47,24,34,24,152
2021-02-15,3326,0,59,125,0,34,9,67,32,55,83,54,25,51,48,46,29,66,62,89,164,94,54,48,24,54,89,42,29,39,44,13,61,37,46,43,177,58,153,89,72,23,105,113,28,0,2,116,79,78,91,43,31,25,228
2021-02-16,3427,0,52,122,0,34,17,61,29,45,80,62,17,46,52,44,14,67,71,85,144,77,70,57,23,70,79,57,48,48,63,18,59,55,68,58,94,54,106,94,93,34,149,136,40,1,0,138,66,78,127,43,42,33,207
2021-02-17,4908,0,66,114,1,39,28,101,46,56,72,81,29,94,45,45,15,77,85,103,1095,84,86,52,35,84,112,76,55,31,82,22,47,68,66,67,261,76,60,105,110,50,106,150,76,2,2,117,73,93,121,51,39,43,214
2021-02-18,4579,0,56,120,0,18,19,62,32,37,81,58,15,21,29,35,9,67,60,73,1104,106,67,56,34,94,106,204,52,32,58,16,65,41,193,44,79,67,91,62,81,27,155,112,55,2,2,108,88,80,253,43,27,29,154
2021-02-19,3705,0,36,67,0,21,15,38,24,34,59,55,13,35,26,21,9,36,77,226,956,75,54,22,26,47,68,49,32,38,209,16,27,136,35,38,64,56,58,67,101,9,93,70,30,1,1,76,70,62,67,37,36,35,152
2021-02-20,3129,0,34,108,0,24,10,48,11,17,22,30,8,55,27,34,19,64,23,104,894,94,76,63,24,60,60,42,21,29,59,40,23,43,28,135,43,39,31,35,38,5,91,48,150,3,0,51,26,42,38,18,4,29,109
2021-02-21,1232,0,26,38,0,10,5,17,8,15,18,29,5,14,17,20,1,25,44,32,50,30,29,28,17,36,27,14,7,18,33,8,15,23,21,20,32,30,25,39,33,11,35,49,30,0,0,53,24,21,34,20,15,11,70
2021-02-22,2732,0,48,112,0,14,13,56,25,36,70,63,19,38,40,31,14,43,67,57,87,57,42,47,22,74,96,43,42,30,63,63,46,49,53,105,66,53,38,96,65,21,110,83,31,1,2,86,48,57,77,40,38,26,129
2021-02-23,4537,0,56,115,0,54,22,67,42,67,78,65,21,44,38,46,21,82,69,69,1124,73,64,35,24,95,79,65,192,35,90,26,46,49,58,51,118,79,65,113,105,16,86,104,36,0,1,100,100,118,120,40,66,47,161
2021-02-24,4081,0,55,113,0,23,9,38,21,32,58,31,10,111,46,57,11,55,76,86,1102,97,54,63,21,87,96,56,30,28,63,18,60,102,42,57,93,94,45,57,101,25,98,117,115,0,0,91,54,62,75,50,20,22,154
2021-02-25,5187,0,83,175,1,56,27,84,50,44,72,99,19,64,68,51,22,83,110,136,951,131,90,96,28,129,164,96,67,53,100,36,58,64,48,107,105,107,83,152,101,36,140,108,67,1,1,169,93,94,102,41,72,41,212
2021-02-26,5609,1,79,204,0,51,32,87,52,86,129,116,28,47,76,66,32,113,93,147,249,156,111,77,32,135,140,405,51,58,147,100,60,72,74,54,124,136,102,137,154,33,157,181,71,0,2,236,112,215,112,75,67,43,292
2021-02-27,1797,2,31,69,0,17,15,22,8,19,14,28,5,39,30,39,14,33,60,38,58,51,35,32,23,42,37,27,34,29,35,39,29,46,18,102,39,65,19,41,34,7,78,53,55,0,2,50,33,26,54,21,18,15,67
2021-02-28,468,0,5,17,0,10,2,7,1,7,8,2,8,3,7,4,2,14,10,8,9,20,7,12,2,11,10,4,5,5,16,2,15,9,6,8,7,9,8,10,10,6,20,19,11,0,0,16,15,6,13,5,8,7,42
2021-03-01,4435,0,83,158,0,47,19,106,44,64,117,100,26,66,49,66,21,108,109,109,93,161,104,77,41,120,119,50,72,44,72,29,69,51,72,54,128,205,68,111,158,45,100,137,53,0,2,152,97,127,125,71,56,38,242
2021-03-02,4927,0,84,191,0,45,29,92,62,47,121,95,16,83,248,59,32,93,93,112,79,141,77,103,35,126,132,47,75,53,132,25,177,74,85,72,145,66,72,113,149,46,116,124,74,2,2,146,103,310,122,71,69,31,231
2021-03-03,7335,1,92,281,1,67,42,158,63,106,137,138,36,74,98,85,39,136,151,133,96,240,173,139,52,159,165,188,189,135,242,76,111,144,120,163,178,180,122,286,248,51,218,212,137,3,1,265,144,211,164,120,99,73,393
2021-03-04,8235,0,156,320,0,81,74,160,56,119,143,158,58,91,66,104,19,255,160,318,142,294,217,155,49,285,189,92,115,169,227,75,117,161,124,149,195,206,147,271,228,68,193,218,168,2,4,262,203,244,215,132,93,59,429
2021-03-05,9109,0,190,353,0,81,64,185,78,113,203,189,47,99,68,90,24,216,168,172,125,342,242,128,47,310,276,89,118,144,259,65,134,131,167,238,282,219,192,304,274,69,258,232,178,1,3,324,223,267,226,140,115,108,539
2021-03-06,5261,0,107,172,0,44,37,97,29,64,60,92,32,146,64,83,85,107,102,82,53,190,117,88,54,123,99,68,55,99,181,60,66,113,63,142,113,146,83,193,170,47,287,113,129,1,1,175,120,107,84,88,48,57,325
2021-03-07,3455,2,86,125,0,39,23,60,32,42,58,57,30,46,35,25,13,55,58,61,42,119,71,65,28,86,109,26,50,60,107,33,43,77,43,70,80,90,71,137,102,20,143,93,63,3,1,134,68,79,90,62,48,42,253
2021-03-08,8515,0,168,371,0,87,55,220,69,104,208,196,64,98,92,94,38,215,198,189,173,284,258,130,53,248,239,91,104,105,212,44,122,105,145,157,239,166,150,276,255,83,239,199,114,8,1,324,214,248,198,107,108,67,583
2021-03-09,7370,2,162,276,0,67,47,169,38,89,145,136,35,83,88,84,32,170,138,143,97,256,225,135,48,201,172,91,112,107,225,54,133,115,117,155,200,169,171,216,228,64,212,200,129,5,3,256,185,188,195,97,90,75,540
2021-03-10,9162,0,161,347,0,77,87,197,71,122,194,164,64,96,95,104,46,216,201,189,143,320,264,167,70,313,245,106,128,130,227,80,123,170,135,171,396,213,132,277,306,98,220,235,132,1,4,311,210,234,250,138,116,109,557
2021-03-11,10481,1,181,331,0,68,77,211,69,137,166,216,58,99,85,123,50,239,466,220,194,347,220,168,82,242,221,305,135,142,266,76,140,179,318,185,311,244,185,350,337,100,368,289,158,5,7,334,251,269,251,155,143,106,601
2021-03-12,8809,1,137,278,0,57,76,189,53,127,182,173,46,90,90,100,36,174,245,356,180,270,236,142,60,218,224,128,116,137,204,68,158,245,152,160,259,198,168,300,268,86,228,248,148,3,2,287,196,225,250,139,122,86,488
2021-03-13,6872,2,129,277,0,75,52,126,32,70,106,120,38,74,70,70,20,144,167,134,140,275,228,143,56,176,161,94,102,89,161,120,82,134,101,240,146,155,112,216,227,70,228,148,243,2,4,235,152,156,113,103,62,70,422
2021-03-14,4224,0,80,162,0,39,29,80,23,44,78,67,28,62,48,58,22,83,87,66,81,148,94,93,37,123,99,54,77,62,125,26,65,92,76,83,123,87,59,170,144,35,92,103,72,0,2,154,102,99,129,64,59,38,301
2021-03-15,8130,1,154,286,0,62,45,159,60,124,139,155,48,172,114,142,59,138,112,163,105,270,148,115,44,195,180,82,138,96,255,78,138,136,138,172,230,185,161,286,280,80,215,184,256,1,2,279,212,226,220,149,128,91,522
2021-03-16,8774,0,133,272,0,114,44,159,52,97,181,171,57,315,255,338,104,141,125,128,132,199,183,142,87,239,184,87,149,125,252,93,118,150,139,156,237,227,155,281,278,75,219,202,172,2,6,289,207,244,243,136,121,97,462
2021-03-17,9790,1,177,363,0,79,67,175,69,134,191,198,55,144,110,134,60,218,205,224,205,316,272,194,68,251,230,144,129,119,270,97,170,160,139,180,311,229,148,323,364,105,265,255,182,2,4,337,241,306,215,186,138,95,536
2021-03-18,8670,1,143,338,0,60,79,174,49,84,204,161,35,98,80,86,49,198,109,181,158,245,192,161,72,225,264,108,149,114,235,86,159,182,169,210,321,246,156,303,284,93,274,188,174,2,1,276,213,221,212,137,132,90,489
2021-03-19,9468,0,165,341,0,82,64,178,57,92,197,187,44,124,111,123,52,202,142,192,188,354,254,146,76,231,230,110,158,150,243,165,155,184,147,166,266,221,160,312,317,92,256,257,153,3,3,319,233,304,259,145,124,103,631
2021-03-20,6552,0,119,260,0,54,33,95,39,49,94,143,28,71,47,68,36,120,94,103,112,202,166,137,51,153,130,64,87,107,178,86,139,156,110,247,162,166,95,227,198,63,201,147,148,2,0,218,133,188,155,110,82,97,582
2021-03-21,4070,0,103,179,1,30,46,93,26,48,69,64,13,30,33,25,20,90,53,87,52,139,86,81,21,106,107,38,74,54,129,24,74,73,76,71,118,113,79,151,138,27,111,91,142,1,0,119,81,144,107,58,52,56,267
2021-03-22,9722,0,169,323,1,67,62,195,82,112,219,235,48,128,100,93,37,180,164,171,109,327,194,190,60,234,203,94,182,166,295,71,177,166,157,235,320,242,130,360,373,102,262,275,179,2,1,364,247,345,288,160,156,76,594
2021-03-23,11414,1,225,432,0,87,78,256,106,110,240,255,47,138,285,144,61,232,160,223,164,388,264,215,89,329,259,116,183,169,313,108,164,173,224,196,395,226,175,334,356,116,275,293,228,6,1,338,269,335,394,156,142,99,842
2021-03-24,13108,2,227,463,0,118,101,331,105,165,327,323,60,145,143,152,66,259,204,270,199,439,359,253,105,330,314,288,208,195,361,144,212,251,222,251,325,279,208,403,421,106,348,309,247,5,3,421,263,477,401,177,194,135,794
2021-03-25,13548,0,238,575,0,143,118,315,77,141,245,281,69,154,133,182,68,383,212,425,184,516,389,277,73,381,336,197,191,213,376,112,216,327,193,237,348,294,212,433,421,121,293,314,239,4,9,421,329,495,319,203,197,122,797
2021-03-26,11306,0,221,446,0,182,78,262,83,105,204,205,69,217,140,172,65,244,196,219,205,433,300,193,76,305,275,146,174,178,277,92,187,165,183,299,316,231,172,390,378,104,285,249,238,1,2,333,245,355,327,176,174,115,619
2021-03-27,9582,1,199,352,0,112,71,150,42,86,112,192,49,87,78,105,42,154,124,119,128,336,219,146,55,259,177,451,126,156,297,110,132,195,139,242,215,310,155,476,368,87,259,197,207,1,5,330,239,227,210,194,135,116,608
2021-03-28,7777,2,153,292,0,77,56,157,54,86,128,160,51,56,65,78,37,130,111,118,91,316,192,136,39,203,182,62,99,128,228,100,106,181,110,158,198,176,155,318,291,62,214,165,318,3,2,304,205,202,192,148,140,89,453
2021-03-29,14203,1,248,508,1,138,97,377,100,133,332,362,76,148,99,130,46,313,266,267,166,442,414,226,129,334,370,127,224,282,429,224,282,246,265,256,445,274,225,510,473,175,313,357,241,13,7,459,407,478,465,198,160,114,831
2021-03-30,12954,2,224,446,0,119,93,318,100,124,271,252,67,120,81,118,73,335,158,246,170,449,369,223,76,413,307,125,178,212,356,100,226,199,242,256,391,277,247,395,443,127,372,334,228,10,3,445,335,481,416,204,186,114,898
2021-03-31,14311,0,255,525,0,132,105,349,103,133,270,324,66,124,113,153,71,335,208,238,174,486,384,240,92,427,324,141,299,279,358,143,312,270,268,277,504,329,241,456,478,149,358,317,247,8,5,467,329,470,476,232,208,150,909
2021-04-01,15453,4,301,522,0,106,120,364,106,164,292,341,92,121,110,174,60,353,565,316,261,579,435,262,82,355,367,207,270,232,403,149,250,265,301,295,450,329,300,458,511,151,347,348,239,13,9,558,376,523,453,249,224,171,920
2021-04-02,14486,2,234,537,0,91,151,395,83,139,297,336,79,152,121,114,55,334,303,296,211,575,497,249,69,388,348,295,193,223,331,135,254,225,235,271,420,310,249,460,439,137,337,301,238,11,6,510,377,481,423,224,219,142,984
2021-04-03,9513,0,177,385,0,58,90,225,35,62,121,173,54,104,60,87,44,183,156,147,119,384,317,163,53,214,181,121,146,139,294,157,142,163,127,307,225,233,169,458,358,112,286,191,215,7,3,282,262,239,174,171,155,130,655
2021-04-04,5203,0,103,188,0,43,38,97,20,44,80,82,28,68,38,51,85,90,81,82,94,193,110,99,40,132,115,58,92,66,186,70,76,124,96,112,156,118,87,256,186,62,125,112,107,3,2,168,143,126,100,104,72,50,345
2021-04-05,16652,0,271,531,0,98,138,333,120,167,374,358,97,259,137,175,73,331,241,287,207,638,478,203,67,336,349,173,296,255,508,147,321,299,293,320,435,408,360,683,654,149,375,381,496,23,2,616,445,613,455,298,290,144,945
2021-04-06,19176,1,310,655,0,170,150,467,85,163,413,392,86,342,271,319,122,358,231,302,210,679,539,247,124,421,357,176,380,304,511,141,542,376,338,374,535,449,472,681,660,180,650,389,383,28,5,637,477,644,500,281,324,261,1064
2021-04-07,19704,1,349,695,0,147,163,407,122,201,362,418,121,274,149,434,120,371,287,312,247,709,552,306,107,473,403,235,447,302,535,177,485,391,319,402,610,480,452,659,647,300,500,403,416,32,8,600,506,616,481,336,251,228,1156
2021-04-08,18427,4,368,719,0,140,128,333,129,171,348,382,112,169,130,168,74,343,253,262,212,620,411,338,125,449,361,173,328,278,480,146,431,483,274,367,515,502,549,656,628,175,856,359,415,38,6,617,412,490,396,290,263,214,1337
2021-04-09,17720,1,281,565,0,117,136,340,97,189,268,363,112,272,125,370,405,314,232,251,234,615,437,241,93,403,383,193,259,262,470,169,346,384,296,355,486,456,519,694,636,257,460,403,343,12,14,552,444,530,391,325,286,207,1127
2021-04-10,10749,2,216,418,0,75,74,242,44,101,145,187,48,115,81,510,38,184,139,148,133,408,275,156,50,270,218,115,141,140,269,96,154,217,110,232,245,284,257,449,435,115,299,190,229,17,5,367,227,280,177,199,184,131,908
2021-04-11,3554,0,91,160,1,26,34,91,22,27,61,77,20,43,39,55,21,75,46,85,39,155,105,74,19,120,116,40,44,42,55,21,65,61,52,54,107,65,61,103,131,40,86,75,69,1,0,105,95,117,85,71,52,43,212
2021-04-12,14587,1,240,522,0,104,119,270,74,173,252,301,79,195,119,283,295,263,169,215,152,502,321,231,78,305,282,168,249,232,423,122,282,261,255,285,521,382,279,608,590,184,400,286,302,18,10,503,346,408,389,234,240,159,906
2021-04-13,14208,3,238,523,0,98,103,287,79,143,262,317,88,172,100,184,98,260,188,223,169,504,359,209,95,364,298,250,225,203,401,125,222,239,238,302,380,421,359,493,542,157,379,318,282,15,2,453,320,434,392,236,226,168,1062
2021-04-14,14844,0,277,559,0,113,166,324,87,168,281,315,79,161,157,331,59,351,238,280,210,598,515,244,76,377,370,212,247,191,345,112,302,257,248,195,396,342,340,414,556,146,353,280,251,39,4,510,321,583,358,220,251,150,885
2021-04-15,12151,0,233,493,0,101,122,304,65,105,210,258,90,136,134,190,64,274,189,201,157,470,364,197,79,275,277,183,200,145,260,100,246,205,209,178,353,279,262,373,386,100,433,262,212,14,8,375,296,386,304,200,205,164,825
2021-04-16,12768,0,206,470,0,111,119,255,82,109,201,250,75,134,461,184,78,281,213,182,156,529,417,192,60,333,308,395,186,166,230,87,201,281,190,209,282,272,348,353,437,123,304,246,256,42,3,395,341,434,277,207,207,130,760
2021-04-17,9637,0,209,384,0,110,74,164,51,77,123,197,66,109,74,120,52,207,144,120,124,352,260,162,43,241,194,504,115,104,218,65,132,176,126,200,211,250,187,374,355,111,269,201,203,7,1,318,255,282,183,155,166,137,675
2021-04-18,7337,0,114,256,0,112,49,142,46,67,101,134,32,52,1004,108,43,124,64,110,72,288,167,90,34,192,159,127,76,94,171,40,96,147,109,115,151,143,109,290,247,73,149,125,120,1,5,224,165,172,154,119,131,89,335
2021-04-19,11380,1,215,395,0,64,92,293,82,106,285,335,55,109,79,112,57,249,163,230,154,400,329,137,90,250,277,133,186,192,341,104,220,182,195,191,331,237,183,418,443,141,236,286,198,8,10,363,328,432,354,183,167,100,659
2021-04-20,12797,0,253,502,0,109,101,300,101,138,236,254,72,146,74,136,81,317,202,231,145,450,358,196,94,385,305,146,178,170,395,103,250,214,202,270,356,339,319,380,433,141,384,297,219,18,7,403,309,475,402,195,144,122,740
2021-04-21,12481,1,227,449,0,106,103,304,94,115,232,271,56,154,106,149,51,272,204,226,157,439,336,208,94,334,307,140,209,193,318,118,232,241,205,241,416,311,267,400,385,141,343,256,252,10,1,359,285,439,380,210,186,110,838
2021-04-22,12694,1,250,462,0,204,133,308,79,131,253,259,69,165,123,172,79,278,268,264,274,491,377,200,72,304,298,236,171,146,275,96,180,219,214,233,334,293,295,390,424,125,311,254,210,19,4,439,269,440,336,180,197,152,738
2021-04-23,13288,1,253,577,0,147,137,321,65,110,218,269,85,207,105,151,58,304,228,211,167,560,451,248,74,358,312,137,200,167,333,96,210,233,154,240,344,284,243,485,495,144,347,227,309,9,4,451,323,465,314,280,256,148,773
2021-04-24,8982,0,173,387,0,59,93,209,31,54,86,180,56,105,50,79,43,208,117,94,117,385,254,157,57,213,159,85,103,121,252,106,136,183,114,248,203,246,196,483,367,86,266,177,244,4,1,277,255,247,139,207,174,143,553
2021-04-25,4564,1,98,218,0,35,32,77,18,43,72,87,27,44,23,43,20,84,48,51,42,193,94,86,24,119,81,42,50,72,138,55,62,105,72,82,113,118,98,279,218,53,137,89,124,2,0,168,133,128,93,110,72,43,248
2021-04-26,12677,2,216,458,0,77,136,293,70,102,257,250,80,147,79,118,51,331,218,205,133,554,458,154,44,276,246,116,207,214,386,126,243,225,224,239,330,299,252,559,460,115,292,290,284,13,3,447,322,492,313,242,211,99,719
2021-04-27,11324,1,187,457,0,84,125,314,65,94,221,228,53,140,94,126,73,272,159,181,170,517,365,156,65,263,241,121,214,180,220,97,263,203,184,214,309,241,293,394,426,89,334,220,245,24,1,358,321,387,295,155,160,154,571
2021-04-28,9974,1,170,342,0,67,79,249,43,82,149,209,68,136,94,103,55,203,141,119,127,383,279,138,51,261,204,99,225,149,232,85,209,225,149,200,266,230,302,363,427,81,297,183,241,31,4,331,223,302,230,187,141,142,667
2021-04-29,9945,3,183,362,0,58,83,177,51,85,155,181,58,108,62,103,43,182,170,133,96,380,285,147,48,220,206,100,201,156,212,100,190,215,134,191,244,262,290,388,354,87,605,172,257,31,5,304,222,260,189,175,185,130,707
2021-04-30,9897,2,185,400,0,84,101,223,47,73,158,188,53,139,80,100,66,221,170,157,106,440,318,153,53,254,234,97,141,129,203,67,185,223,142,214,241,246,272,386,375,118,288,184,222,15,5,281,241,268,184,186,191,120,668
2021-05-01,6793,0,125,262,0,30,73,196,23,49,87,117,32,97,36,54,29,122,100,75,71,277,192,118,33,173,138,99,82,112,139,65,83,157,68,178,134,172,214,307,340,84,192,116,177,17,5,190,165,197,107,185,131,93,475
2021-05-02,3941,0,77,169,0,42,39,93,17,24,52,49,19,75,30,50,19,78,84,49,44,201,123,61,21,108,90,122,58,49,92,27,62,79,48,82,98,102,69,165,138,42,102,80,90,3,0,140,94,99,58,89,60,44,235
2021-05-03,7872,0,145,297,0,50,51,138,34,60,114,148,45,137,145,87,47,156,107,81,74,293,242,139,48,175,154,417,107,104,194,74,147,172,108,157,203,212,170,308,286,61,195,121,188,18,4,278,237,196,134,137,135,107,435
2021-05-04,10345,0,175,408,0,75,90,255,50,71,193,209,62,127,91,109,44,208,155,149,95,381,263,176,62,235,183,501,166,128,243,75,171,199,166,225,249,328,292,342,389,96,255,206,223,12,5,303,242,312,185,185,168,131,682
2021-05-05,11679,0,231,441,0,90,152,284,67,101,164,200,63,252,766,241,97,266,227,173,134,546,453,196,50,276,239,139,155,130,226,59,147,204,156,218,228,280,331,320,352,100,292,180,228,39,5,326,237,362,183,167,162,129,615
2021-05-06,9495,1,219,397,0,70,79,209,67,87,176,220,81,113,76,223,68,207,208,115,112,374,272,147,55,217,197,117,135,110,201,85,166,188,145,197,214,234,291,310,359,81,377,193,187,16,1,267,204,274,166,159,161,122,545
2021-05-07,9898,0,188,409,0,63,124,223,57,74,146,216,59,149,76,88,60,237,176,169,102,470,316,148,55,275,218,128,123,114,180,113,136,207,128,202,202,242,432,357,338,94,268,188,248,44,2,317,271,282,139,185,148,123,589
2021-05-08,5831,1,123,240,0,85,58,101,29,38,61,102,31,93,45,73,45,120,108,67,73,233,145,120,26,143,91,89,67,73,154,44,67,128,77,169,107,188,208,246,239,62,161,104,176,8,2,220,143,123,69,118,117,89,332
2021-05-09,2945,0,56,162,0,25,28,44,20,25,27,45,10,45,14,27,18,59,43,48,30,144,66,53,12,97,66,60,39,36,70,39,54,69,52,54,42,78,55,146,134,30,95,70,73,3,0,73,79,57,42,60,64,46,161
2021-05-10,6734,0,131,284,0,151,80,174,39,53,103,133,44,114,47,76,43,147,153,90,92,298,174,126,33,159,149,100,73,91,150,59,84,149,67,131,144,164,141,276,304,79,167,131,159,9,7,210,194,158,130,138,94,77,355
2021-05-11,7446,2,154,274,0,59,85,180,38,80,127,128,59,122,42,84,42,148,158,102,98,324,236,123,25,175,167,103,84,88,214,71,102,146,92,188,189,277,259,285,288,87,222,141,196,16,1,213,177,177,120,126,99,107,346
2021-05-12,6968,0,155,272,0,51,86,149,48,56,101,106,40,141,70,81,38,139,167,113,70,321,212,114,38,180,151,120,110,89,199,53,119,124,81,164,172,216,143,302,283,78,192,130,175,4,1,211,134,167,101,133,108,63,397
2021-05-13,7967,2,143,326,0,81,106,203,43,67,124,151,63,128,72,100,38,179,141,86,92,324,208,126,50,203,181,102,123,108,209,67,153,159,148,152,205,240,216,319,285,84,234,156,170,9,5,248,179,199,204,137,111,89,419
2021-05-14,9422,1,163,396,0,68,113,242,46,87,146,187,64,126,51,106,57,197,223,147,101,391,312,150,52,203,192,121,109,140,230,71,146,156,144,193,230,278,178,355,366,131,237,166,227,3,10,304,241,291,198,269,189,104,514
2021-05-15,7886,0,174,272,0,70,95,206,40,75,132,180,52,103,51,81,40,179,107,88,97,291,224,133,50,174,158,94,78,97,223,62,113,177,104,173,184,226,187,351,357,80,239,148,191,2,2,279,219,230,176,151,142,97,432
2021-05-16,5456,1,124,218,0,129,57,128,27,48,89,113,25,66,37,63,34,118,125,62,60,228,124,77,19,148,114,132,56,74,125,42,96,119,75,99,137,122,104,255,246,70,129,111,131,1,5,169,143,162,105,118,92,54,250
2021-05-17,6906,1,131,283,0,43,69,151,39,57,110,132,55,123,71,91,49,127,105,76,66,272,189,103,42,191,149,62,103,98,159,65,116,126,118,160,185,216,136,319,326,74,177,144,179,3,11,223,155,178,141,133,116,75,383
2021-05-18,6413,3,104,289,0,80,79,147,37,66,77,103,32,126,47,75,42,123,116,77,70,284,189,124,42,164,133,71,89,97,136,55,91,123,83,146,144,157,151,254,263,59,187,119,173,5,7,214,174,171,107,125,96,94,393
2021-05-19,5863,2,135,251,0,59,68,101,33,43,73,107,32,111,55,79,33,111,119,79,43,249,197,105,29,168,131,81,72,94,151,51,70,117,73,160,106,198,135,282,230,49,158,93,149,0,8,174,143,139,90,131,79,81,336
2021-05-20,6016,1,113,244,0,62,75,115,22,50,92,112,27,124,43,65,32,108,123,104,182,209,184,100,48,125,117,112,98,71,155,87,80,104,74,131,136,185,155,255,234,54,155,94,173,5,9,185,122,130,121,126,71,85,332
2021-05-21,7708,0,167,345,0,185,91,131,31,61,98,115,36,156,114,104,68,169,169,108,96,325,212,140,48,177,167,116,120,84,205,63,85,121,88,179,151,216,172,336,337,61,200,131,165,1,8,226,182,213,99,150,120,110,456
2021-05-22,6189,0,148,274,0,49,53,132,19,55,79,106,32,115,50,71,40,128,106,83,77,274,198,108,37,162,153,89,78,70,137,57,53,135,60,172,116,170,137,299,254,61,178,116,169,3,3,187,154,168,96,123,101,83,371
2021-05-23,3571,1,65,159,0,45,36,98,15,21,41,55,19,60,18,29,17,77,60,40,34,165,120,62,12,95,69,40,39,44,92,37,59,87,35,91,70,117,66,183,162,34,102,71,94,2,4,113,90,77,53,84,53,43,216
2021-05-24,5509,1,112,239,0,41,62,106,25,43,73,74,42,93,48,59,36,122,96,79,79,266,178,93,32,153,104,76,97,72,185,70,81,124,70,136,115,166,129,222,209,46,144,83,164,1,6,169,114,145,97,122,70,60,280
2021-05-25,5122,1,100,211,0,55,79,130,25,39,54,76,25,96,44,65,30,121,114,59,64,225,153,114,31,122,90,59,69,53,133,66,60,100,59,135,100,208,117,234,190,27,167,79,170,2,3,142,140,98,73,113,80,69,253
2021-05-26,4809,0,132,187,0,45,72,113,14,32,59,82,24,84,42,50,19,113,111,73,65,264,165,70,29,122,83,57,87,66,117,45,48,94,61,128,104,167,130,198,206,34,139,85,126,1,5,132,85,90,84,89,81,71,229
2021-05-27,4647,2,90,208,0,29,46,96,25,42,68,82,22,63,42,57,27,86,121,69,57,190,166,86,31,132,83,83,82,65,93,50,46,91,52,163,100,150,138,158,187,42,120,99,106,11,2,96,108,103,54,104,83,66,275
2021-05-28,5090,1,128,237,0,54,58,97,16,43,68,84,34,104,50,51,31,121,126,93,72,240,172,95,20,125,118,78,56,58,105,59,61,93,55,115,91,154,106,232,189,52,129,85,141,1,3,168,107,125,62,117,70,58,282
2021-05-29,3902,0,102,141,0,39,59,87,17,28,43,72,14,60,26,47,32,58,78,34,42,178,122,80,15,73,63,57,52,43,104,39,37,99,39,100,62,103,109,207,196,43,111,75,107,1,0,127,102,91,58,108,57,63,202
2021-05-30,2386,1,57,116,0,26,36,39,18,12,21,46,14,49,17,18,11,52,80,37,31,122,84,48,14,63,44,100,14,30,39,23,23,46,22,60,48,42,43,125,75,19,90,51,61,0,0,65,41,55,16,38,49,25,130
2021-05-31,1215,0,21,49,0,7,13,13,2,7,9,17,7,10,0,6,10,20,21,11,20,44,34,14,6,24,19,48,6,12,41,13,18,34,6,33,25,41,18,84,60,6,31,31,29,1,0,56,34,20,11,27,27,22,97
2021-06-01,4926,0,106,224,0,36,41,114,22,31,83,87,35,89,46,48,48,100,94,70,71,230,114,95,27,133,83,66,52,90,117,48,64,106,61,119,105,172,97,237,209,39,132,96,119,1,2,158,122,112,85,104,86,50,250
2021-06-02,4509,1,110,170,0,49,58,106,22,33,54,73,27,71,30,71,27,99,110,60,69,214,177,70,31,114,95,80,54,48,100,74,54,89,37,101,106,140,93,197,160,45,115,89,143,0,4,106,107,118,78,69,76,44,241
2021-06-03,4656,0,95,188,0,38,60,116,22,38,72,86,25,72,30,54,33,102,96,49,44,180,164,101,28,124,96,42,46,53,127,60,66,91,86,119,85,132,92,204,184,57,121,80,118,6,2,130,118,123,116,87,62,46,290
2021-06-04,5743,0,141,230,0,42,83,125,23,42,82,98,37,81,56,69,37,124,155,72,51,248,153,109,30,142,116,95,65,73,142,48,90,93,72,128,142,170,129,257,241,63,158,104,158,2,11,175,129,123,129,119,91,62,328
2021-06-05,5166,0,105,175,0,42,48,120,17,36,70,118,27,65,31,50,24,80,83,51,42,183,156,89,26,101,88,63,44,70,132,56,55,110,91,138,124,153,116,260,268,50,136,97,146,0,1,207,158,156,111,92,88,56,361
2021-06-06,3175,0,67,116,0,88,34,86,8,27,48,77,8,45,13,47,16,71,45,24,26,122,77,60,20,83,63,25,36,40,84,21,44,73,33,79,72,83,65,167,170,29,69,51,88,1,4,95,98,98,75,68,56,42,138
2021-06-07,5007,0,90,218,0,38,44,110,27,34,62,106,47,87,41,58,33,102,105,54,53,208,137,85,21,139,115,57,48,76,136,46,58,100,73,160,116,188,95,211,237,62,119,89,125,0,2,146,116,122,115,118,87,46,245
2021-06-08,4389,2,77,178,0,48,52,98,20,34,54,79,17,79,34,57,32,98,91,46,43,199,155,93,24,101,102,59,49,67,95,39,60,81,75,115,92,140,108,168,176,44,120,72,111,2,1,144,103,115,60,81,80,61,258
2021-06-09,4207,2,95,168,0,37,55,88,29,29,80,72,13,83,38,32,28,75,107,55,35,196,153,95,24,106,96,76,54,54,134,36,35,74,36,105,72,135,75,199,177,47,123,78,108,1,7,109,100,100,72,98,42,63,206
2021-06-10,3961,0,73,185,0,26,41,83,10,40,51,71,18,53,41,43,14,91,75,46,50,159,137,86,24,87,86,67,69,64,116,48,41,72,51,115,92,129,114,157,145,35,114,64,143,5,6,120,88,99,56,64,50,52,195
2021-06-11,5145,1,91,189,0,55,66,121,23,49,76,121,24,90,44,55,31,116,99,65,63,232,159,91,33,116,104,71,41,67,134,51,51,69,55,138,104,164,123,243,197,50,149,97,152,0,8,148,119,144,61,102,88,60,345
2021-06-12,4774,0,105,196,0,46,60,118,21,38,66,93,27,85,27,51,24,100,80,53,53,206,157,99,24,137,103,67,56,65,116,35,43,90,60,118,80,137,89,245,209,56,128,105,143,3,2,150,113,104,69,93,72,46,311
2021-06-13,2423,0,45,99,0,19,27,66,21,14,20,52,10,66,18,29,15,43,44,24,29,111,105,45,20,59,42,39,14,19,75,22,24,46,21,33,42,71,43,115,146,29,79,44,51,1,3,56,72,65,24,60,45,35,126
2021-06-14,4104,1,91,191,0,28,50,106,11,31,50,71,19,81,28,43,25,90,70,55,47,174,128,79,26,126,88,45,41,61,101,52,51,76,41,120,78,137,100,188,193,32,111,72,105,0,1,117,78,87,88,83,61,43,233
2021-06-15,3553,1,78,151,0,42,42,95,18,31,35,54,17,78,40,25,25,61,85,44,46,156,92,76,17,109,63,48,47,36,92,39,35,63,44,100,63,112,63,185,149,20,90,39,127,3,2,117,94,72,58,65,49,52,208
2021-06-16,3634,1,88,154,0,39,46,69,13,26,44,42,13,58,27,54,19,81,117,40,50,172,128,50,30,78,74,79,37,57,91,35,25,53,46,88,77,108,95,165,165,29,112,60,104,2,3,125,92,76,39,66,57,44,191
2021-06-17,3277,0,70,126,0,37,31,61,17,35,51,64,16,68,29,30,23,48,92,47,47,135,114,72,22,79,51,57,44,31,69,32,35,60,40,108,63,99,77,147,146,27,93,53,84,8,4,79,61,71,36,83,58,53,194
2021-06-18,3723,0,79,158,0,30,38,75,22,35,44,56,17,75,31,42,23,60,97,45,37,150,134,58,14,90,90,61,61,26,102,36,35,85,30,93,57,107,87,177,175,34,95,69,100,1,2,130,83,120,54,89,60,50,204
2021-06-19,2734,0,65,95,0,33,26,76,14,20,42,51,15,36,16,36,9,57,48,27,27,103,78,49,10,51,35,46,27,34,77,28,28,60,34,85,47,86,64,150,128,30,77,50,83,2,1,78,59,82,43,79,39,43,155
2021-06-20,1694,0,47,65,0,22,17,44,5,18,22,31,6,19,8,13,9,37,37,22,20,83,51,23,9,54,31,23,20,15,36,44,12,37,19,42,32,44,35,86,79,15,48,30,55,0,0,44,39,46,19,34,28,27,92
2021-06-21,2433,0,53,104,0,32,27,73,6,27,33,32,11,43,29,33,8,39,46,33,33,116,68,38,18,60,45,50,37,26,60,36,18,47,23,67,33,68,56,96,114,20,76,47,81,0,4,77,55,62,29,51,40,16,137
2021-06-22,3070,0,60,130,0,28,28,81,18,28,49,50,16,48,24,36,17,70,54,33,36,126,92,59,22,96,60,52,38,53,73,37,22,59,28,71,63,108,65,174,133,20,78,45,102,1,1,89,83,59,48,68,49,40,150
2021-06-23,3070,1,67,142,0,29,39,81,9,19,34,46,22,52,27,48,16,71,85,45,41,135,100,42,23,83,54,46,38,42,65,39,23,68,26,84,55,114,78,152,113,28,81,63,73,1,6,89,67,67,30,63,43,34,171
2021-06-24,2918,1,60,107,0,35,33,63,16,19,36,44,13,45,34,34,23,50,58,40,41,118,120,51,12,88,45,44,37,36,102,49,20,51,25,83,54,81,77,124,164,31,93,52,60,6,3,79,65,54,38,70,44,39,151
2021-06-25,3418,0,62,147,1,30,42,68,18,28,47,50,19,59,37,41,21,68,83,52,27,142,133,62,19,91,71,51,19,36,91,61,39,50,36,95,60,126,60,206,178,20,132,55,114,1,4,84,71,59,42,71,47,26,166
2021-06-26,2709,0,76,93,0,16,35,50,7,17,27,43,14,49,18,34,12,47,37,36,23,125,115,43,8,49,55,41,15,38,74,32,27,52,31,82,35,94,53,172,151,19,79,53,62,2,0,119,70,59,34,79,36,35,136
2021-06-27,1914,2,24,56,0,13,42,36,5,14,29,33,8,29,14,15,9,40,88,27,20,81,49,34,14,39,35,84,28,29,57,12,15,41,18,50,32,55,32,105,99,13,52,28,52,0,1,70,42,29,29,48,27,22,88
2021-06-28,2536,0,43,115,0,20,29,51,19,18,30,43,13,47,15,42,13,54,65,29,33,97,86,43,6,67,48,26,23,51,73,24,41,57,25,75,39,94,53,142,111,26,69,42,66,0,0,60,74,67,29,47,28,30,138
2021-06-29,2445,0,70,108,0,25,35,44,9,13,35,40,15,50,14,33,16,59,50,33,25,91,82,59,16,47,44,37,27,30,67,16,31,58,25,65,43,75,49,129,121,30,63,44,61,1,1,79,62,41,30,60,34,28,125
2021-06-30,2716,0,62,96,0,23,41,48,13,15,30,42,12,55,21,37,18,59,74,37,41,156,92,50,14,72,54,70,32,28,74,40,18,58,26,62,43,89,55,141,110,23,70,40,90,2,3,94,60,44,37,56,29,45,115
2021-07-01,2622,2,59,131,0,34,24,70,8,29,34,41,16,48,21,35,26,49,62,23,18,100,98,40,11,55,57,51,17,42,62,38,33,50,25,75,51,72,78,110,115,26,69,34,59,1,3,84,89,68,37,51,45,16,130
2021-07-02,3150,1,59,132,0,26,31,87,10,26,51,63,10,51,29,41,19,89,75,29,42,102,98,66,16,91,83,42,24,48,96,25,24,48,29,96,53,112,93,151,117,37,84,46,80,0,3,94,65,61,38,72,57,34,194
2021-07-03,2364,0,45,66,0,18,33,41,14,7,24,33,16,31,19,24,16,53,37,16,28,112,60,52,16,68,40,48,26,23,79,34,23,35,28,75,30,100,61,134,144,23,63,45,70,1,3,75,44,48,26,51,39,39,128
2021-07-04,163,0,4,11,0,2,1,1,0,1,1,8,0,1,0,0,1,1,1,1,1,11,5,0,0,2,5,2,1,1,10,2,0,6,3,4,0,14,4,14,11,0,1,3,5,0,0,1,5,1,0,9,2,2,4
2021-07-05,2434,0,52,91,0,17,30,46,12,20,30,42,9,56,16,20,18,45,54,26,17,122,78,40,12,57,47,36,11,39,57,27,25,53,23,64,36,88,54,135,135,29,58,38,64,0,1,72,69,54,35,58,46,35,135
2021-07-06,2222,0,49,86,0,26,23,40,6,24,27,31,13,53,24,46,14,38,33,28,13,94,57,44,15,70,49,23,25,29,71,22,13,45,26,72,35,75,54,121,98,15,61,37,66,0,1,60,63,44,37,49,30,27,120
2021-07-07,2033,0,46,92,0,22,29,45,12,16,30,33,13,44,13,31,11,41,84,25,18,94,90,40,14,40,27,27,24,25,54,27,19,37,16,56,36,67,45,66,100,19,55,32,58,0,2,57,55,35,18,41,24,18,110
2021-07-08,2152,0,67,75,0,32,21,51,12,15,19,31,10,40,27,22,8,55,44,25,24,110,88,60,16,51,34,29,18,20,48,42,13,56,12,89,34,75,64,83,94,12,59,29,73,5,1,48,35,46,26,46,33,23,102
2021-07-09,2680,0,55,111,0,15,45,54,13,23,24,41,13,43,20,32,24,48,57,32,32,114,73,50,13,57,49,49,40,31,77,46,31,72,25,73,54,77,54,159,122,24,61,48,101,0,2,94,58,55,26,53,50,34,126
2021-07-10,2073,0,47,76,0,15,28,31,5,14,23,31,11,29,20,23,16,43,48,23,18,69,63,31,10,58,26,22,23,32,61,14,22,38,23,62,25,68,55,142,117,15,60,54,63,1,0,57,57,38,23,64,33,32,114
2021-07-11,1418,0,34,63,0,22,20,35,2,7,9,23,8,47,20,20,10,30,21,19,8,61,43,24,4,41,35,27,6,9,31,12,8,31,14,32,20,40,27,81,67,13,28,30,46,1,0,46,24,34,19,34,18,32,82
2021-07-12,2300,0,41,90,0,28,22,57,11,21,31,37,12,60,16,32,15,46,45,39,17,101,54,38,18,58,45,49,20,30,54,60,17,52,17,66,44,65,58,96,115,17,73,36,79,0,1,66,54,47,25,59,45,20,101
2021-07-13,2267,0,64,90,0,21,31,35,17,18,39,37,10,40,20,25,16,52,34,21,25,82,55,32,22,42,46,31,27,30,60,81,18,54,22,75,48,62,43,108,108,19,76,33,97,1,2,65,53,44,28,49,28,25,106
2021-07-14,2342,0,43,121,0,31,34,62,7,16,36,34,9,52,21,30,19,42,73,30,34,110,77,45,16,60,57,44,28,28,65,38,25,46,31,48,35,59,61,91,99,23,41,34,70,0,3,67,46,42,21,40,24,34,140
2021-07-15,2336,1,52,90,0,19,17,40,14,17,42,28,15,38,30,29,20,46,33,28,27,100,73,50,10,66,44,45,41,22,59,24,20,53,21,68,34,76,68,104,141,24,62,40,71,3,3,69,49,53,33,61,31,27,105
2021-07-16,2830,0,42,113,1,33,28,63,13,15,36,53,20,51,21,51,14,65,68,26,29,106,99,68,10,66,53,45,36,29,76,56,21,52,37,79,68,90,58,168,120,32,86,58,94,3,1,78,71,52,39,62,43,29,103
2021-07-17,2232,0,44,79,0,31,35,42,3,19,33,37,15,39,16,14,16,46,48,28,19,105,97,43,11,43,37,38,13,36,62,20,19,46,24,59,26,62,48,121,112,17,62,37,68,0,0,86,55,55,36,61,38,21,110
2021-07-18,1625,1,29,61,0,15,23,28,3,13,19,33,5,26,24,17,9,30,31,22,23,70,46,30,8,31,27,29,21,27,48,17,9,27,15,53,33,46,24,95,75,20,36,25,51,0,0,60,49,43,29,41,36,17,75
2021-07-19,2727,1,59,114,0,24,23,55,20,18,41,41,14,59,24,33,27,50,50,42,32,132,76,49,14,73,58,20,36,32,70,68,38,61,33,80,62,78,62,123,134,18,82,44,70,0,1,77,66,64,30,53,37,25,134
2021-07-20,2797,0,63,106,0,33,33,47,13,22,37,43,11,66,37,47,21,62,56,28,31,117,113,65,23,76,58,32,35,36,78,31,33,50,36,74,48,100,70,137,99,20,70,42,89,0,2,84,69,42,35,61,55,35,126
2021-07-21,3007,0,53,124,0,32,40,70,9,21,39,37,14,69,35,39,20,70,69,39,51,150,104,52,17,87,69,31,37,49,88,40,32,78,31,96,40,99,51,136,126,38,72,47,99,2,1,88,57,69,27,76,29,28,130
2021-07-22,3244,2,85,145,0,32,22,70,20,30,46,60,10,39,27,43,29,66,80,47,49,130,116,55,18,91,54,54,23,31,75,77,38,68,33,84,62,105,71,186,128,44,83,56,85,1,7,97,88,62,51,59,46,39,125
2021-07-23,3821,0,54,164,0,33,35,85,29,29,70,70,15,84,35,55,29,90,80,50,52,172,121,63,31,91,74,52,39,61,107,32,45,81,36,86,81,136,75,178,185,36,94,66,95,0,5,124,106,60,80,96,53,35,166
2021-07-24,3016,0,45,126,0,28,25,40,13,29,31,57,25,50,37,30,26,56,81,33,33,154,85,59,13,73,33,74,36,44,91,26,31,47,23,89,53,90,65,168,167,47,94,57,85,2,1,100,67,59,47,62,51,39,119
2021-07-25,2269,0,52,73,0,22,33,47,12,16,32,44,13,46,27,26,16,59,59,29,26,85,73,54,11,56,33,65,32,20,52,18,19,44,17,54,44,69,58,120,100,22,55,48,52,1,1,78,53,53,33,47,32,32,106
2021-07-26,3561,0,63,143,0,23,51,81,23,34,67,50,23,75,30,47,26,57,96,51,27,145,120,72,19,78,71,53,32,45,99,65,39,83,36,100,67,148,88,181,157,37,91,54,100,3,3,113,59,85,49,65,55,31,151
2021-07-27,3415,0,71,154,0,31,49,64,13,32,58,55,15,57,29,49,21,82,61,49,44,140,119,57,19,81,71,46,40,38,72,58,32,69,37,111,72,99,87,166,148,28,76,50,106,3,1,103,90,91,48,73,36,43,171
2021-07-28,3650,0,58,143,0,32,66,85,15,36,46,68,25,90,41,60,36,90,102,43,46,161,115,55,15,89,78,72,31,58,89,56,34,89,34,99,66,119,76,155,135,35,85,63,127,3,1,96,80,89,42,69,38,38,176
2021-07-29,3715,3,79,141,0,55,48,81,20,43,49,57,19,88,54,61,38,94,99,50,48,142,126,73,24,111,72,57,26,44,105,45,46,71,24,120,71,127,64,151,156,22,89,63,109,6,4,120,89,71,41,73,50,36,160
2021-07-30,4361,0,97,172,0,28,48,86,21,30,64,80,26,90,53,81,53,90,91,49,37,176,127,92,26,123,89,73,44,43,132,61,42,87,54,131,103,151,90,228,189,38,114,63,146,2,5,121,102,93,71,78,62,36,173
2021-07-31,3271,1,67,110,0,38,43,49,21,27,39,66,16,64,26,44,35,78,94,44,33,131,119,57,23,83,48,61,32,67,88,39,20,51,27,109,81,113,81,159,150,40,90,63,70,2,5,81,63,47,50,68,55,54,149
2021-08-01,2419,0,47,96,0,20,23,57,13,22,28,43,6,44,18,21,17,57,51,31,36,93,87,43,18,64,43,26,23,41,61,11,26,48,32,64,56,86,57,133,123,24,64,43,91,1,2,76,61,46,36,41,30,37,102
2021-08-02,3977,0,86,149,0,35,42,95,24,31,61,61,20,91,40,78,35,65,70,52,32,190,116,69,30,93,79,59,50,47,110,67,45,83,57,117,83,140,90,190,174,46,114,57,120,1,2,106,81,85,68,82,57,32,170
2021-08-03,4268,0,98,174,0,51,58,90,15,40,58,77,23,83,59,85,33,101,64,66,36,166,127,77,35,82,77,51,49,59,103,41,43,69,53,165,92,161,101,182,186,52,111,60,149,1,4,112,101,71,77,84,68,47,201
2021-08-04,4282,1,91,175,1,45,61,104,16,52,90,58,23,90,68,80,35,78,130,58,39,177,123,94,30,90,89,66,39,55,127,48,46,100,50,141,85,121,88,190,180,32,95,78,131,1,1,125,105,90,54,66,50,39,181
2021-08-05,4244,0,67,162,0,50,31,110,18,33,62,69,23,113,45,70,34,74,60,50,50,151,139,76,28,131,95,49,58,72,91,65,52,87,42,127,96,143,103,190,188,39,138,59,125,2,5,114,88,91,72,84,82,52,189
2021-08-06,4912,1,78,204,0,44,74,112,21,46,79,87,38,94,59,91,36,114,114,66,50,177,170,98,38,117,77,103,58,67,135,66,57,126,46,140,112,147,104,210,213,52,128,88,146,0,2,148,116,80,72,89,68,52,202
2021-08-07,3677,1,68,139,0,30,62,76,10,31,47,64,21,69,47,41,40,51,96,63,50,161,113,79,20,87,79,62,38,51,103,40,34,81,38,123,66,119,102,166,140,34,112,65,100,1,3,107,91,78,59,59,54,36,170
2021-08-08,2713,0,49,96,0,16,39,58,16,19,50,37,7,46,26,36,22,47,61,26,30,131,93,50,10,84,57,57,27,32,76,34,23,63,37,93,43,93,57,148,120,22,73,34,72,4,0,86,58,63,47,61,46,25,113
2021-08-09,4057,1,69,162,0,52,57,95,16,37,62,57,21,99,58,53,28,86,82,48,48,189,115,74,22,99,86,55,42,49,102,91,40,85,33,140,82,123,68,187,176,41,109,69,131,0,3,115,89,78,70,80,62,45,176
2021-08-10,4053,0,72,176,0,199,51,64,19,32,50,59,12,86,57,66,32,74,73,52,41,165,134,88,21,99,65,35,40,57,101,42,42,66,51,120,85,142,98,181,173,32,102,74,134,6,4,123,84,85,60,82,51,41,155
2021-08-11,3996,0,82,185,0,35,46,71,16,31,66,60,19,113,52,52,30,94,140,50,63,159,120,81,27,103,72,59,43,61,109,53,47,71,36,117,95,133,71,177,168,28,97,59,124,2,8,103,82,80,53,91,53,41,168
2021-08-12,3821,2,77,182,0,52,29,78,28,31,65,71,15,70,45,54,28,67,81,43,52,179,129,66,25,94,85,39,46,38,108,43,50,73,42,99,85,134,92,185,146,37,112,58,108,1,1,103,78,96,65,77,56,44,157
2021-08-13,4660,2,88,189,0,47,78,131,22,38,72,63,23,106,49,84,44,80,124,81,49,192,189,85,24,82,75,59,54,74,128,56,56,108,50,125,95,176,94,184,211,43,146,76,157,8,3,114,100,98,73,76,63,53,163
2021-08-14,3893,1,81,138,0,46,62,93,20,25,59,77,13,62,52,37,37,93,99,56,48,152,129,76,23,73,76,72,30,68,123,30,30,77,45,106,75,136,82,178,175,40,124,71,114,8,4,111,71,77,69,74,53,64,158
2021-08-15,2872,1,66,101,0,31,34,49,18,15,52,47,14,42,24,34,28,40,65,36,65,112,108,59,9,50,51,58,15,39,74,31,32,76,42,83,54,104,89,156,125,35,82,58,72,1,3,94,44,58,49,46,52,32,117
2021-08-16,4464,1,78,163,0,37,36,103,28,46,81,75,21,106,58,74,33,75,66,67,60,171,136,74,24,108,88,92,53,58,131,49,52,84,58,157,93,150,116,196,166,49,136,71,129,4,10,135,88,97,82,97,74,35,193
2021-08-17,4832,3,79,199,0,51,50,91,14,39,87,69,24,87,50,102,27,104,104,82,80,190,141,99,24,120,92,57,44,77,134,56,60,99,63,134,98,158,115,232,194,53,144,89,147,8,2,140,103,113,86,94,55,54,215
2021-08-18,4821,0,88,194,0,62,78,114,23,54,90,61,26,91,55,75,36,81,87,86,100,193,156,68,19,148,86,92,50,74,137,54,49,90,70,127,113,171,109,199,179,39,107,91,134,8,1,161,82,120,83,91,56,40,223
2021-08-19,4794,1,93,175,0,67,64,80,26,57,70,89,24,88,62,65,38,98,111,71,83,192,153,73,23,103,82,90,47,63,135,84,67,99,64,106,95,137,97,186,204,36,148,112,154,7,4,147,106,93,105,87,70,42,221
2021-08-20,5380,0,121,185,0,49,68,130,25,53,77,131,25,113,59,106,43,135,99,79,77,205,156,104,39,139,126,102,70,67,120,102,61,100,60,130,122,158,137,219,227,54,144,100,135,5,3,149,117,115,96,104,68,46,225
2021-08-21,4190,1,85,155,0,46,63,67,27,40,52,82,31,167,31,68,38,100,92,64,46,165,133,65,21,104,93,78,30,60,109,37,31,72,40,131,80,154,81,176,162,48,108,84,99,6,2,126,80,91,85,76,74,47,187
2021-08-22,2865,0,44,112,0,31,46,44,16,31,48,41,10,55,21,43,16,52,82,33,52,117,99,39,18,59,65,49,46,40,68,20,30,66,45,60,74,84,63,143,115,34,78,51,77,1,3,83,55,85,50,57,50,44,120
2021-08-23,4655,0,93,211,0,42,55,90,26,58,70,68,26,106,67,78,37,84,78,55,70,211,152,85,36,100,82,72,60,45,135,74,61,93,67,109,94,149,79,200,178,45,149,76,157,5,6,143,92,104,89,84,56,37,216
2021-08-24,4729,0,89,186,0,47,60,105,20,33,59,74,38,81,55,70,31,96,74,60,55,169,133,86,42,106,83,74,58,53,135,91,56,108,74,171,122,150,109,205,210,51,127,104,141,21,2,141,102,91,82,91,69,48,191
2021-08-25,4803,3,91,180,0,40,59,119,20,47,85,59,22,103,57,97,43,82,143,65,67,180,147,75,28,109,103,72,55,77,120,69,69,96,65,150,107,145,108,243,196,49,114,93,139,14,1,119,88,93,86,86,80,49,196
2021-08-26,4847,1,76,176,0,68,58,107,31,39,79,72,20,121,65,71,49,83,93,78,75,177,162,82,24,127,97,94,61,78,120,54,41,94,63,166,97,149,125,200,180,59,165,86,138,3,6,144,103,105,94,88,62,55,186
2021-08-27,5754,0,97,235,0,59,66,117,21,58,106,115,33,123,68,112,54,133,121,85,96,230,193,124,38,148,105,103,69,83,134,77,86,116,78,151,111,168,130,223,224,56,144,105,184,3,6,160,119,119,96,91,76,68,237
2021-08-28,4722,0,91,163,0,205,78,95,14,36,55,85,24,94,57,69,68,81,124,84,66,192,132,52,49,104,91,65,59,73,115,75,63,87,51,135,91,118,115,208,172,52,131,78,145,4,7,120,86,84,73,86,50,49,221
2021-08-29,3135,0,30,103,0,33,48,62,30,20,52,40,13,66,36,32,27,75,89,49,54,142,120,52,18,85,56,47,39,43,93,41,31,79,48,94,75,82,57,135,129,34,91,57,87,0,2,92,60,62,70,46,46,32,131
2021-08-30,4970,2,92,185,0,41,66,102,29,53,67,65,16,94,57,88,57,84,111,77,72,221,149,90,40,125,105,97,68,56,142,96,71,102,48,167,109,182,87,194,214,67,109,73,145,3,2,128,100,96,104,89,73,67,193
2021-08-31,4703,0,77,184,0,54,57,86,21,30,65,64,28,109,60,67,42,92,105,70,83,188,143,78,30,122,109,94,59,78,113,51,50,98,61,159,111,168,111,182,195,52,123,86,155,21,5,146,89,90,83,81,49,49,180
2021-09-01,4652,1,105,163,0,64,56,108,16,42,76,67,26,109,54,57,32,94,165,61,67,182,137,75,34,109,89,93,49,64,138,36,62,97,62,170,112,145,99,178,180,34,124,96,134,11,5,124,85,93,88,73,63,59,189
2021-09-02,4511,0,88,172,0,57,50,92,23,62,58,75,19,102,59,48,36,79,80,55,71,190,128,98,50,125,93,71,50,63,105,65,55,79,52,149,97,148,84,196,176,36,160,81,129,9,2,121,87,97,85,77,62,61,204
2021-09-03,5304,2,113,218,0,46,62,105,23,52,60,81,41,119,67,97,53,119,161,76,67,209,180,80,39,124,117,117,56,66,178,58,74,93,62,127,112,179,126,220,173,47,155,93,176,2,5,167,105,91,74,97,55,68,217
2021-09-04,3876,2,64,146,0,43,56,61,18,28,43,69,15,79,50,44,31,97,132,54,60,150,132,73,26,73,69,76,45,41,106,45,27,70,39,133,66,143,98,163,147,44,127,64,116,6,5,107,80,80,43,80,64,63,183
2021-09-05,2793,0,47,99,0,23,42,50,16,18,41,46,16,63,36,49,26,63,76,31,34,116,99,76,19,59,41,60,18,49,83,21,30,53,22,77,47,125,59,118,122,24,101,49,75,3,3,91,47,48,42,50,29,34,127
2021-09-06,552,0,10,13,0,2,9,5,1,2,4,1,1,4,3,5,4,9,24,8,19,31,28,11,1,9,17,12,22,5,16,12,4,12,6,21,3,20,19,17,13,3,19,7,18,1,0,14,23,6,11,17,3,7,20
2021-09-07,4795,2,94,197,0,58,62,97,20,49,70,54,19,110,61,84,57,87,96,64,76,195,158,122,25,113,87,63,49,79,114,59,60,101,55,158,111,144,110,227,197,44,137,86,156,10,7,126,88,86,69,83,54,60,205
2021-09-08,4229,0,77,179,0,50,58,61,21,47,55,63,17,87,53,83,44,79,131,50,50,157,131,76,20,118,76,88,40,56,121,55,38,74,56,141,75,154,86,192,160,43,142,80,158,13,8,125,83,73,62,75,42,48,158
2021-09-09,3986,0,93,152,0,56,36,63,27,38,51,60,17,86,56,59,32,79,83,52,75,173,120,86,28,100,82,72,54,47,116,47,47,66,48,150,90,140,79,154,160,43,118,80,124,4,6,109,72,78,70,51,52,55,150
2021-09-10,4934,0,130,212,0,65,73,75,18,51,65,58,27,87,73,95,45,106,99,67,71,214,139,108,27,98,106,94,49,69,136,90,44,116,49,149,103,158,89,217,204,51,135,84,129,4,4,151,92,118,78,86,63,65,198
2021-09-11,3449,2,79,137,0,51,57,70,11,17,52,44,17,71,46,45,39,59,69,50,40,154,91,81,23,72,47,69,36,34,111,52,37,69,27,112,51,126,88,161,153,21,108,75,104,4,5,108,55,64,44,69,33,37,172
2021-09-12,2279,1,50,86,0,29,29,54,9,17,33,43,16,47,21,41,27,60,56,38,49,76,92,47,13,58,53,44,25,27,56,26,22,40,27,53,32,76,57,122,77,16,62,42,62,0,1,57,43,50,35,39,24,28,91
2021-09-13,4012,0,93,177,0,41,60,83,21,32,62,45,17,90,56,67,35,76,86,57,55,170,101,73,28,115,81,78,40,44,108,64,55,67,49,121,81,144,88,178,138,32,123,77,135,4,8,110,70,78,74,80,63,32,150
2021-09-14,3478,4,82,147,0,47,44,66,11,40,36,48,24,80,42,72,24,71,63,49,71,129,108,70,10,79,55,52,37,39,92,67,34,68,38,113,92,97,100,133,136,34,114,57,134,28,5,99,64,59,45,58,32,39,140
2021-09-15,3446,0,78,150,0,33,55,75,17,29,44,52,14,65,42,67,27,63,94,41,69,157,128,70,18,79,65,81,42,58,92,34,43,54,40,105,66,102,78,136,148,36,102,45,98,11,4,87,66,59,43,67,50,36,131
2021-09-16,3154,0,60,124,0,50,32,67,15,41,57,49,15,69,40,51,18,60,64,48,54,113,104,57,24,81,53,59,41,48,90,49,37,52,31,105,63,108,76,112,109,26,108,50,93,2,6,92,69,67,57,53,45,28,132
2021-09-17,4052,0,79,141,0,61,61,87,22,32,56,64,17,97,86,64,38,84,106,55,79,145,117,94,26,109,70,79,62,56,106,57,63,70,37,91,73,119,108,180,151,53,124,63,125,3,5,109,85,82,39,62,51,46,163
2021-09-18,2870,0,67,116,0,35,57,48,11,29,47,35,21,76,35,42,38,53,61,34,52,106,78,50,21,94,73,50,14,35,85,46,25,45,35,93,33,90,57,152,124,29,68,51,83,4,6,69,57,44,33,69,37,27,130
2021-09-19,1946,1,37,69,0,29,26,23,7,22,29,29,9,44,27,40,19,52,57,36,39,77,70,45,11,48,31,34,21,25,50,26,19,46,18,55,37,63,58,90,65,21,54,24,73,0,3,50,27,37,29,22,27,18,77
2021-09-20,3319,0,57,130,0,28,44,48,18,32,42,34,13,70,34,50,40,78,74,45,57,151,124,80,29,87,70,58,38,39,93,51,39,55,38,95,64,105,57,141,133,26,118,56,113,0,1,86,78,41,58,58,48,47,148
2021-09-21,2929,0,57,125,0,48,29,59,15,27,42,44,13,66,33,47,15,61,63,37,67,116,91,55,19,79,60,51,26,46,69,26,35,59,40,99,77,104,78,109,116,27,73,54,73,11,2,76,51,66,50,48,44,37,114
2021-09-22,2992,1,60,109,0,45,45,59,14,29,45,27,19,68,26,38,17,54,116,43,82,140,87,42,19,71,59,58,33,38,92,56,35,66,27,107,54,91,74,105,111,32,81,51,87,9,1,75,58,59,40,45,41,32,119
2021-09-23,3012,1,58,119,0,31,37,54,10,33,38,40,12,81,53,28,21,70,77,34,115,140,96,68,18,65,74,77,36,35,79,38,35,54,38,101,56,88,50,117,98,29,91,65,84,1,4,67,50,44,51,56,41,32,122
2021-09-24,4821,2,122,200,0,55,41,76,19,49,71,72,33,78,64,74,22,97,99,75,159,156,125,85,31,137,126,122,57,58,121,50,82,101,67,91,108,131,97,205,166,49,146,102,122,4,2,161,93,103,103,73,67,58,214
2021-09-25,4165,0,80,166,0,32,54,89,25,45,72,65,18,82,46,66,28,92,96,50,150,159,109,96,36,101,85,82,52,38,81,48,49,57,44,110,99,123,91,159,133,39,116,110,93,2,3,137,71,103,80,77,54,54,218
2021-09-26,2853,0,63,122,0,18,35,58,19,21,40,42,18,64,39,43,17,62,69,36,139,97,81,55,11,79,72,69,29,32,81,35,38,33,50,68,65,89,59,102,86,25,74,59,54,1,4,88,63,50,52,41,35,28,143
2021-09-27,5117,1,93,245,0,51,41,90,47,53,80,82,33,52,53,85,29,98,99,108,279,156,118,88,31,120,150,96,60,75,91,47,78,87,83,110,167,148,89,166,139,47,138,153,112,1,0,168,103,119,137,68,59,39,255
2021-09-28,5275,0,115,218,0,72,31,81,39,50,85,82,27,87,48,71,27,103,102,107,279,202,120,111,30,158,127,125,70,79,114,53,61,97,73,130,141,127,110,202,146,41,153,130,117,11,10,163,85,115,107,81,56,62,244
2021-09-29,4828,0,89,163,0,44,40,86,32,40,61,70,23,76,46,60,40,104,118,109,301,148,110,92,36,139,117,129,82,65,118,50,72,81,82,111,118,130,107,168,144,40,146,126,115,8,4,149,89,98,71,63,51,43,224
2021-09-30,4926,0,112,179,0,102,41,96,28,43,90,61,22,81,62,62,39,91,101,108,293,153,130,77,33,146,134,92,51,59,128,49,54,60,67,127,97,143,101,148,145,33,144,97,107,0,4,165,86,118,107,75,53,98,234
2021-10-01,5439,0,106,211,0,57,35,94,32,45,77,67,35,109,98,67,29,103,133,132,258,207,121,114,39,118,142,131,60,71,131,45,57,93,73,128,152,160,116,186,169,47,160,137,139,0,2,180,95,110,94,93,65,46,270
2021-10-02,3482,0,65,136,0,43,40,44,16,46,44,56,16,62,49,55,23,84,98,62,137,116,80,57,21,88,67,90,36,35,107,43,40,38,33,120,73,107,76,148,124,32,96,77,113,0,3,109,57,72,47,62,54,30,155
2021-10-03,2214,1,46,75,0,25,15,39,16,16,27,40,20,40,23,33,24,50,48,35,108,83,83,35,14,58,45,49,14,26,55,26,30,41,26,52,45,63,34,75,103,16,53,74,45,1,0,75,46,52,41,35,29,18,91
2021-10-04,4375,1,83,189,0,43,33,62,22,42,75,68,19,81,57,51,27,99,79,99,237,146,98,78,38,140,97,84,56,38,123,70,52,84,53,119,101,128,88,139,134,43,113,89,127,2,4,139,96,78,74,77,54,54,192
2021-10-05,4144,1,91,177,0,41,32,79,18,63,62,36,20,75,69,57,13,86,83,101,267,132,102,102,21,98,103,84,45,51,117,62,50,70,66,114,117,88,86,126,142,36,102,104,124,10,3,117,60,85,74,64,31,37,150
2021-10-06,3997,0,67,155,0,52,33,59,22,35,48,43,20,62,38,59,33,96,113,77,260,133,119,71,23,97,99,87,69,48,83,39,55,74,39,103,89,104,68,136,129,35,121,81,110,5,1,96,131,78,73,63,53,42,171
2021-10-07,3083,0,64,126,0,25,29,42,20,21,49,39,14,57,44,43,16,62,44,57,241,140,84,52,23,94,53,69,32,39,76,36,37,65,34,78,107,78,62,99,101,28,77,64,95,1,2,76,46,57,68,32,39,27,119
2021-10-08,4452,0,87,176,1,53,39,84,20,49,72,50,26,75,37,60,25,85,108,79,217,166,118,86,32,139,107,96,61,51,118,103,55,72,62,85,94,125,78,163,137,35,124,106,109,3,7,147,112,92,79,58,67,38,184
2021-10-09,2864,0,60,82,0,31,37,46,8,25,29,54,16,48,44,32,33,65,51,43,121,113,65,60,22,83,51,60,45,35,80,20,25,53,29,78,62,89,53,140,88,28,82,74,75,1,6,97,60,71,48,56,41,17,132
2021-10-10,1800,0,41,64,0,20,22,36,10,13,29,15,5,33,22,37,10,36,31,22,87,70,68,37,7,47,40,41,19,23,48,19,20,36,34,58,36,49,41,67,50,15,37,50,45,0,1,56,39,46,38,17,22,15,76
2021-10-11,3594,0,72,124,0,39,35,58,20,32,52,63,15,63,44,47,21,88,75,69,194,132,119,53,19,86,75,69,36,48,91,69,36,103,39,80,74,164,64,104,126,35,102,62,98,2,3,101,71,67,50,66,34,45,160
2021-10-12,2891,0,76,120,0,32,17,44,12,25,31,43,16,46,33,55,18,61,64,47,160,104,79,52,21,79,61,50,45,40,75,23,37,48,33,74,86,81,56,106,92,25,107,44,90,4,5,88,42,73,45,37,29,24,136
2021-10-13,3272,0,56,110,0,40,33,46,50,22,39,39,20,55,32,37,17,63,93,139,195,115,89,49,24,82,59,77,46,35,83,33,37,53,45,101,148,83,60,101,99,33,91,64,58,8,1,82,48,98,53,39,34,35,123
2021-10-14,2909,2,63,104,0,40,25,39,10,28,31,32,16,76,30,36,21,67,51,72,144,94,96,60,20,70,55,167,28,37,62,44,35,65,27,68,67,82,53,95,95,31,94,57,44,0,2,85,70,59,57,28,33,23,119
2021-10-15,3310,1,53,150,0,31,48,64,14,41,40,50,19,54,33,41,46,78,60,63,131,126,94,60,25,97,74,91,37,51,83,18,63,70,37,63,56,98,66,122,106,32,101,69,86,0,5,79,85,51,62,50,41,27,168
2021-10-16,2082,0,42,87,0,24,34,47,12,15,20,26,9,30,21,21,8,52,46,33,38,95,70,43,11,54,49,52,24,34,51,26,14,33,31,55,38,61,42,97,99,21,63,40,40,1,1,58,42,46,35,33,30,23,105
2021-10-17,1438,0,30,58,0,7,25,28,8,10,15,29,10,23,13,15,3,30,40,25,42,57,51,17,7,32,20,39,13,20,37,19,17,17,29,35,27,53,37,68,46,21,47,26,31,0,0,42,50,22,26,21,17,15,68
2021-10-18,917,0,9,33,0,6,12,7,3,11,20,5,2,16,7,20,4,25,16,16,27,41,12,12,9,28,23,16,10,23,17,7,10,76,7,20,17,13,17,38,35,6,33,17,19,1,0,26,17,15,12,12,9,9,71
