hid,occupant,htype,hsize,geoid,Floor,income,FPL,x,y,ZIP
361242,3172,nonfamily,6,12057010108,1,55865,157,-82.0686307336098,28.14591502216898,33810
361242,3177,nonfamily,6,12057010108,1,55865,157,-82.0686307336098,28.14591502216898,33810
361242,3179,nonfamily,6,12057010108,1,55865,157,-82.0686307336098,28.14591502216898,33810
361242,3190,nonfamily,6,12057010108,1,55865,157,-82.0686307336098,28.14591502216898,33810
361242,3192,nonfamily,6,12057010108,1,55865,157,-82.0686307336098,28.14591502216898,33810
361242,3195,nonfamily,6,12057010108,1,55865,157,-82.0686307336098,28.14591502216898,33810
361245,3200,nonfamily,6,12057010108,1,27274,77,-82.06649045867809,28.149072361053307,33810
361245,3202,nonfamily,6,12057010108,1,27274,77,-82.06649045867809,28.149072361053307,33810
361245,3212,nonfamily,6,12057010108,1,27274,77,-82.06649045867809,28.149072361053307,33810
361245,3215,nonfamily,6,12057010108,1,27274,77,-82.06649045867809,28.149072361053307,33810
361245,3217,nonfamily,6,12057010108,1,27274,77,-82.06649045867809,28.149072361053307,33810
361245,3218,nonfamily,6,12057010108,1,27274,77,-82.06649045867809,28.149072361053307,33810
361245,3224,nonfamily,7,12057010108,2,54850,137,-82.06649045867809,28.149072361053307,33810
361245,3228,nonfamily,7,12057010108,2,54850,137,-82.06649045867809,28.149072361053307,33810
361245,3230,nonfamily,7,12057010108,2,54850,137,-82.06649045867809,28.149072361053307,33810
361245,3236,nonfamily,7,12057010108,2,54850,137,-82.06649045867809,28.149072361053307,33810
361245,3237,nonfamily,7,12057010108,2,54850,137,-82.06649045867809,28.149072361053307,33810
361245,3239,nonfamily,7,12057010108,2,54850,137,-82.06649045867809,28.149072361053307,33810
361245,3241,nonfamily,7,12057010108,2,54850,137,-82.06649045867809,28.149072361053307,33810
361357,3543,family,2,12057010108,1,20898,120,-82.05734786864467,28.117332143676464,33810
361357,3546,family,2,12057010108,1,20898,120,-82.05734786864467,28.117332143676464,33810
361358,3556,family,2,12057010108,1,9178,53,-82.05809690201477,28.117322251915944,33810
361358,3563,family,2,12057010108,1,9178,53,-82.05809690201477,28.117322251915944,33810
361359,3568,family,2,12057010108,1,13590,78,-82.058731844167,28.11711735886344,33810
361359,3570,family,2,12057010108,1,13590,78,-82.058731844167,28.11711735886344,33810
361360,3571,family,2,12057010108,1,3572,21,-82.05877805283936,28.116413893339946,33810
361360,3574,family,2,12057010108,1,3572,21,-82.05877805283936,28.116413893339946,33810
361361,3578,family,2,12057010108,1,25424,146,-82.05802880587574,28.11640983865401,33810
361361,3581,family,2,12057010108,1,25424,146,-82.05802880587574,28.11640983865401,33810
361362,3582,family,2,12057010108,1,27061,155,-82.05745104784842,28.116464645722232,33810
361362,3588,family,2,12057010108,1,27061,155,-82.05745104784842,28.116464645722232,33810
361363,3593,family,2,12057010108,1,9853,57,-82.05749000242305,28.115779977358702,33810
361363,3599,family,2,12057010108,1,9853,57,-82.05749000242305,28.115779977358702,33810
361364,3600,family,2,12057010108,1,137379,789,-82.05820817864745,28.11589389775113,33810
361364,3605,family,2,12057010108,1,137379,789,-82.05820817864745,28.11589389775113,33810
361365,3612,family,2,12057010108,1,215715,1238,-82.0590362050895,28.11587451274344,33810
361365,3613,family,2,12057010108,1,215715,1238,-82.0590362050895,28.11587451274344,33810
361366,3617,family,2,12057010108,1,45317,260,-82.0597594144699,28.116114714368937,33810
361366,3619,family,2,12057010108,1,45317,260,-82.0597594144699,28.116114714368937,33810
361367,3623,family,2,12057010108,1,19539,112,-82.05943781918673,28.11649594336908,33810
361367,3626,family,2,12057010108,1,19539,112,-82.05943781918673,28.11649594336908,33810
361368,3636,family,2,12057010108,1,48555,279,-82.05930818088785,28.117173979509246,33810
361368,3639,family,2,12057010108,1,48555,279,-82.05930818088785,28.117173979509246,33810
361369,3643,family,2,12057010108,1,31418,180,-82.06011458948744,28.11732042694382,33810
361369,3650,family,2,12057010108,1,31418,180,-82.06011458948744,28.11732042694382,33810
361370,3656,family,2,12057010108,1,45206,260,-82.06038840121641,28.116661627015077,33810
361370,3664,family,2,12057010108,1,45206,260,-82.06038840121641,28.116661627015077,33810
361371,3668,family,2,12057010108,1,11236,65,-82.0608285423998,28.117166283241563,33810
361371,3674,family,2,12057010108,1,11236,65,-82.0608285423998,28.117166283241563,33810
361372,3676,family,2,12057010108,1,31802,183,-82.06167483325662,28.117301888306457,33810
361372,3677,family,2,12057010108,1,31802,183,-82.06167483325662,28.117301888306457,33810
361373,3681,family,2,12057010108,1,66148,380,-82.06188364717327,28.1165666492354,33810
361373,3684,family,2,12057010108,1,66148,380,-82.06188364717327,28.1165666492354,33810
361374,3687,family,2,12057010108,1,11445,66,-82.06156690060376,28.115977244636756,33810
361374,3692,family,2,12057010108,1,11445,66,-82.06156690060376,28.115977244636756,33810
361375,3701,family,2,12057010108,1,46519,267,-82.0615109332091,28.115215340818875,33810
361375,3702,family,2,12057010108,1,46519,267,-82.0615109332091,28.115215340818875,33810
361376,3703,family,2,12057010108,1,71864,413,-82.06083218808968,28.11494068069028,33810
361376,3709,family,2,12057010108,1,71864,413,-82.06083218808968,28.11494068069028,33810
361377,3711,family,2,12057010108,1,10914,63,-82.05978877425976,28.114726064011705,33810
361377,3713,family,2,12057010108,1,10914,63,-82.05978877425976,28.114726064011705,33810
361378,3715,family,2,12057010108,1,65897,378,-82.05881778380459,28.114797895288238,33810
361378,3716,family,2,12057010108,1,65897,378,-82.05881778380459,28.114797895288238,33810
361379,3718,family,2,12057010108,1,21983,126,-82.05819233360856,28.11493601973709,33810
361379,3720,family,2,12057010108,1,21983,126,-82.05819233360856,28.11493601973709,33810
361380,3721,family,2,12057010108,1,45086,259,-82.05752945268894,28.114934933441347,33810
361380,3725,family,2,12057010108,1,45086,259,-82.05752945268894,28.114934933441347,33810
361381,3727,family,2,12057010108,1,8419,48,-82.05784755295487,28.113969056682443,33810
361381,3728,family,2,12057010108,1,8419,48,-82.05784755295487,28.113969056682443,33810
361383,3733,family,2,12057010108,1,104368,599,-82.05887774128261,28.111854683209486,33810
361383,3736,family,2,12057010108,1,104368,599,-82.05887774128261,28.111854683209486,33810
361387,3743,family,2,12057010108,1,31011,178,-82.05696781616207,28.112325958791693,33810
361387,3752,family,2,12057010108,1,31011,178,-82.05696781616207,28.112325958791693,33810
361389,3115,nonfamily,2,12057010108,1,67997,390,-82.05980718715911,28.11053338545929,33810
361389,3116,nonfamily,2,12057010108,1,67997,390,-82.05980718715911,28.11053338545929,33810
361390,3755,family,2,12057010108,1,112103,644,-82.05888394983931,28.1127258345594,33810
361390,3757,family,2,12057010108,1,112103,644,-82.05888394983931,28.1127258345594,33810
361395,3758,family,2,12057010108,1,119671,687,-82.06307815689239,28.1129959377994,33810
361395,3761,family,2,12057010108,1,119671,687,-82.06307815689239,28.1129959377994,33810
361396,3764,family,2,12057010108,1,82,0,-82.06318673531784,28.11299588790895,33810
361396,3769,family,2,12057010108,1,82,0,-82.06318673531784,28.11299588790895,33810
361397,3770,family,2,12057010108,1,121754,699,-82.06329531323412,28.112995837932772,33810
361397,3772,family,2,12057010108,1,121754,699,-82.06329531323412,28.112995837932772,33810
361398,3774,family,2,12057010108,1,104024,597,-82.06340389115013,28.112995787870634,33810
361398,3783,family,2,12057010108,1,104024,597,-82.06340389115013,28.112995787870634,33810
361399,3785,family,2,12057010108,1,214692,1232,-82.06351246906583,28.11299573772253,33810
361399,3786,family,2,12057010108,1,214692,1232,-82.06351246906583,28.11299573772253,33810
361400,3789,family,2,12057010108,1,79363,456,-82.06362104698125,28.112995687488453,33810
361400,3792,family,2,12057010108,1,79363,456,-82.06362104698125,28.112995687488453,33810
361401,3796,family,2,12057010108,1,31741,182,-82.0637296254053,28.112995637168183,33810
361401,3801,family,2,12057010108,1,31741,182,-82.0637296254053,28.112995637168183,33810
361402,3804,family,2,12057010108,1,55167,317,-82.06383820382908,28.112995586761947,33810
361402,3810,family,2,12057010108,1,55167,317,-82.06383820382908,28.112995586761947,33810
361403,3811,family,2,12057010108,1,36812,211,-82.06394678225256,28.112995536269743,33810
361403,3812,family,2,12057010108,1,36812,211,-82.06394678225256,28.112995536269743,33810
361404,3816,family,2,12057010108,1,106397,611,-82.06405536067578,28.11299548569159,33810
361404,3820,family,2,12057010108,1,106397,611,-82.06405536067578,28.11299548569159,33810
361405,3821,family,2,12057010108,1,31334,180,-82.0641639380809,28.112995435027944,33810
361405,3831,family,2,12057010108,1,31334,180,-82.0641639380809,28.112995435027944,33810
361406,3834,family,2,12057010108,1,104233,598,-82.06427251599462,28.11299538427808,33810
361406,3837,family,2,12057010108,1,104233,598,-82.06427251599462,28.11299538427808,33810
361407,3838,family,2,12057010108,1,111223,638,-82.06307804216972,28.1128033995798,33810
361407,3839,family,2,12057010108,1,111223,638,-82.06307804216972,28.1128033995798,33810
361408,3841,family,2,12057010108,1,36516,210,-82.0630778953252,28.112555850561,33810
361408,3842,family,2,12057010108,1,36516,210,-82.0630778953252,28.112555850561,33810
361409,3845,family,2,12057010108,1,31677,182,-82.06318662040016,28.11280334968874,33810
361409,3850,family,2,12057010108,1,31677,182,-82.06318662040016,28.11280334968874,33810
361410,3851,family,2,12057010108,1,126129,724,-82.06318647330487,28.11255580066915,33810
361410,3852,family,2,12057010108,1,126129,724,-82.06318647330487,28.11255580066915,33810
361411,3856,family,2,12057010108,1,49923,287,-82.06329519863029,28.11280329971171,33810
361411,3858,family,2,12057010108,1,49923,287,-82.06329519863029,28.11280329971171,33810
361412,3859,family,2,12057010108,1,88206,506,-82.06329505128419,28.11255575069131,33810
361412,3860,family,2,12057010108,1,88206,506,-82.06329505128419,28.11255575069131,33810
361413,3863,family,2,12057010108,1,45291,260,-82.06340377584235,28.112803249649183,33810
361413,3866,family,2,12057010108,1,45291,260,-82.06340377584235,28.112803249649183,33810
361414,3867,family,2,12057010108,1,45442,261,-82.06340362824551,28.11255570062801,33810
361414,3873,family,2,12057010108,1,45442,261,-82.06340362824551,28.11255570062801,33810
361415,3876,family,2,12057010108,1,97487,560,-82.06351235356301,28.112803199500476,33810
361415,3878,family,2,12057010108,1,97487,560,-82.06351235356301,28.112803199500476,33810
361416,3883,family,2,12057010108,1,130279,748,-82.0635122057154,28.112555650478495,33810
361416,3889,family,2,12057010108,1,130279,748,-82.0635122057154,28.112555650478495,33810
361417,3892,family,2,12057010108,1,20640,118,-82.0636209317923,28.112803149265535,33810
361417,3898,family,2,12057010108,1,20640,118,-82.0636209317923,28.112803149265535,33810
361418,3899,family,2,12057010108,1,23541,135,-82.06362078369393,28.11255560024277,33810
361418,3900,family,2,12057010108,1,23541,135,-82.06362078369393,28.11255560024277,33810
361419,3907,family,2,12057010108,1,34819,200,-82.06372951002129,28.112803098944653,33810
361419,3909,family,2,12057010108,1,34819,200,-82.06372951002129,28.112803098944653,33810
361420,3911,family,2,12057010108,1,54931,315,-82.06372936167216,28.112555549921108,33810
361420,3914,family,2,12057010108,1,54931,315,-82.06372936167216,28.112555549921108,33810
361421,3916,family,2,12057010108,1,30775,177,-82.06383808825002,28.112803048537813,33810
361421,3922,family,2,12057010108,1,30775,177,-82.06383808825002,28.112803048537813,33810
361422,3926,family,2,12057010108,1,68827,395,-82.06383793965011,28.11255549951346,33810
361422,3929,family,2,12057010108,1,68827,395,-82.06383793965011,28.11255549951346,33810
361423,3933,family,2,12057010108,1,51800,297,-82.06396023818448,28.112802991721583,33810
361423,3934,family,2,12057010108,1,51800,297,-82.06396023818448,28.112802991721583,33810
361424,3935,family,2,12057010108,1,31693,182,-82.06394651711891,28.1125554490201,33810
361424,3938,family,2,12057010108,1,31693,182,-82.06394651711891,28.1125554490201,33810
361425,3941,family,2,12057010108,1,30557,175,-82.06409596084237,28.1128029284713,33810
361425,3942,family,2,12057010108,1,30557,175,-82.06409596084237,28.1128029284713,33810
361426,3943,family,2,12057010108,1,149594,859,-82.06405509509628,28.11255539844053,33810
361426,3945,family,2,12057010108,1,149594,859,-82.06405509509628,28.11255539844053,33810
361427,3952,family,2,12057010108,1,165524,950,-82.06416367256449,28.11255534777524,33810
361427,3953,family,2,12057010108,1,165524,950,-82.06416367256449,28.11255534777524,33810
361428,3954,family,2,12057010108,1,146356,840,-82.06424525520576,28.11280285873373,33810
361428,3957,family,2,12057010108,1,146356,840,-82.06424525520576,28.11280285873373,33810
361429,3959,family,2,12057010108,1,88618,509,-82.06427224952353,28.11255529702423,33810
361429,3962,family,2,12057010108,1,88618,509,-82.06427224952353,28.11255529702423,33810
361430,3972,family,2,12057010108,1,126804,728,-82.06307778111373,28.112363311877623,33810
361430,3974,family,2,12057010108,1,126804,728,-82.06307778111373,28.112363311877623,33810
361431,3517,family,2,12057010108,1,236941,1360,-82.06307763427245,28.11211576284294,33810
361431,3518,family,2,12057010108,1,236941,1360,-82.06307763427245,28.11211576284294,33810
361432,3519,family,2,12057010108,1,33949,195,-82.06318635889834,28.112363261985152,33810
361432,3520,family,2,12057010108,1,33949,195,-82.06318635889834,28.112363261985152,33810
361433,3521,family,2,12057010108,1,109839,631,-82.06318621180627,28.112115712949663,33810
361433,3522,family,2,12057010108,1,109839,631,-82.06318621180627,28.112115712949663,33810
361434,3523,family,2,12057010108,1,112109,644,-82.06329493668265,28.112363212006706,33810
361434,3524,family,2,12057010108,1,112109,644,-82.06329493668265,28.112363212006706,33810
361435,3525,family,2,12057010108,1,40677,234,-82.06329478933986,28.11211566297044,33810
361435,3526,family,2,12057010108,1,40677,234,-82.06329478933986,28.11211566297044,33810
361436,3527,family,2,12057010108,1,78096,448,-82.06340351344892,28.11236316194277,33810
361436,3528,family,2,12057010108,1,78096,448,-82.06340351344892,28.11236316194277,33810
361437,3529,family,2,12057010108,1,25370,146,-82.06340336585534,28.112115612905704,33810
361437,3530,family,2,12057010108,1,25370,146,-82.06340336585534,28.112115612905704,33810
361438,3531,family,2,12057010108,1,59174,340,-82.06351209072378,28.112363111792643,33810
361438,3532,family,2,12057010108,1,59174,340,-82.06351209072378,28.112363111792643,33810
361439,3533,family,2,12057010108,1,78512,451,-82.06351194287943,28.112115562754784,33810
361439,3534,family,2,12057010108,1,78512,451,-82.06351194287943,28.112115562754784,33810
361440,3535,family,2,12057010108,1,49292,283,-82.06362066850726,28.11236306155632,33810
361440,3536,family,2,12057010108,1,49292,283,-82.06362066850726,28.11236306155632,33810
361441,3537,family,2,12057010108,1,54172,311,-82.06362052041217,28.11211551251767,33810
361441,3538,family,2,12057010108,1,54172,311,-82.06362052041217,28.11211551251767,33810
361442,3539,family,2,12057010108,1,92805,533,-82.06372924629046,28.112363011234034,33810
361442,3540,family,2,12057010108,1,92805,533,-82.06372924629046,28.112363011234034,33810
361443,3541,family,2,12057010108,1,113500,652,-82.06375624220047,28.112115449587005,33810
361443,3542,family,2,12057010108,1,113500,652,-82.06375624220047,28.112115449587005,33810
361444,3544,family,2,12057010108,1,20875,120,-82.06383782407336,28.112362960825767,33810
361444,3545,family,2,12057010108,1,20875,120,-82.06383782407336,28.112362960825767,33810
361445,3547,family,2,12057010108,1,22730,130,-82.0639464013471,28.112362910331782,33810
361445,3548,family,2,12057010108,1,22730,130,-82.0639464013471,28.112362910331782,33810
361446,3549,family,2,12057010108,1,74640,428,-82.06391910824402,28.11211537390908,33810
361446,3550,family,2,12057010108,1,74640,428,-82.06391910824402,28.11211537390908,33810
361447,3551,family,2,12057010108,1,124555,715,-82.06405497912947,28.112362859751613,33810
361447,3552,family,2,12057010108,1,124555,715,-82.06405497912947,28.112362859751613,33810
361448,3553,family,2,12057010108,1,29961,172,-82.06405483003132,28.1121153107098,33810
361448,3554,family,2,12057010108,1,29961,172,-82.06405483003132,28.1121153107098,33810
361449,3555,family,2,12057010108,1,41,0,-82.06416355640265,28.112362809085703,33810
361449,3557,family,2,12057010108,1,41,0,-82.06416355640265,28.112362809085703,33810
361450,3558,family,2,12057010108,1,62934,361,-82.06416340705374,28.112115260043108,33810
361450,3559,family,2,12057010108,1,62934,361,-82.06416340705374,28.112115260043108,33810
361451,3560,family,2,12057010108,1,71365,410,-82.06427213316664,28.112362758334083,33810
361451,3561,family,2,12057010108,1,71365,410,-82.06427213316664,28.112362758334083,33810
361452,3562,family,2,12057010108,1,210866,1210,-82.06427198356701,28.112115209290696,33810
361452,3564,family,2,12057010108,1,210866,1210,-82.06427198356701,28.112115209290696,33810
361453,3565,family,2,12057010108,1,27334,157,-82.06307752006377,28.1119232245984,33810
361453,3566,family,2,12057010108,1,27334,157,-82.06307752006377,28.1119232245984,33810
361454,3567,family,2,12057010108,1,30629,176,-82.06318609740258,28.111923174704497,33810
361454,3569,family,2,12057010108,1,30629,176,-82.06318609740258,28.111923174704497,33810
361455,3572,family,2,12057010108,1,58257,334,-82.06329467474113,28.11192312472465,33810
361455,3573,family,2,12057010108,1,58257,334,-82.06329467474113,28.11192312472465,33810
361456,3575,family,2,12057010108,1,67388,387,-82.06340325106157,28.11192307465931,33810
361456,3576,family,2,12057010108,1,67388,387,-82.06340325106157,28.11192307465931,33810
361457,3577,family,2,12057010108,1,23946,137,-82.06351182789064,28.11192302450776,33810
361457,3579,family,2,12057010108,1,23946,137,-82.06351182789064,28.11192302450776,33810
361458,3580,family,2,12057010108,1,116734,670,-82.06362040522833,28.111922974270023,33810
361458,3583,family,2,12057010108,1,116734,670,-82.06362040522833,28.111922974270023,33810
361460,3584,family,2,12057010108,1,22589,130,-82.06383755990288,28.11192287353668,33810
361460,3585,family,2,12057010108,1,22589,130,-82.06383755990288,28.11192287353668,33810
361461,3586,family,2,12057010108,1,64845,372,-82.06394613673082,28.111922823041294,33810
361461,3587,family,2,12057010108,1,64845,372,-82.06394613673082,28.111922823041294,33810
361462,3589,family,2,12057010108,1,23316,134,-82.06405471406735,28.11192277245972,33810
361462,3590,family,2,12057010108,1,23316,134,-82.06405471406735,28.11192277245972,33810
361463,3591,family,2,12057010108,1,7151,41,-82.06416329089475,28.111922721792418,33810
361463,3592,family,2,12057010108,1,7151,41,-82.06416329089475,28.111922721792418,33810
361464,3594,family,2,12057010108,1,109485,629,-82.06427186721295,28.111922671039395,33810
361464,3595,family,2,12057010108,1,109485,629,-82.06427186721295,28.111922671039395,33810
361465,3596,family,2,12057010108,1,233139,1338,-82.06380338877658,28.111692746572817,33810
361465,3597,family,2,12057010108,1,233139,1338,-82.06380338877658,28.111692746572817,33810
361466,3598,family,2,12057010108,1,119028,683,-82.06400696916172,28.11166909372219,33810
361466,3601,family,2,12057010108,1,119028,683,-82.06400696916172,28.11166909372219,33810
361467,3602,family,2,12057010108,1,72892,418,-82.06379244627597,28.111524170500577,33810
361467,3603,family,2,12057010108,1,72892,418,-82.06379244627597,28.111524170500577,33810
361468,3604,family,2,12057010108,1,4331,25,-82.06333805522146,28.111699831235185,33810
361468,3606,family,2,12057010108,1,4331,25,-82.06333805522146,28.111699831235185,33810
361469,3607,family,2,12057010108,1,33926,195,-82.06360174851895,28.111699711729432,33810
361469,3608,family,2,12057010108,1,33926,195,-82.06360174851895,28.111699711729432,33810
361470,3609,family,3,12057010108,1,73584,335,-82.0633379868184,28.111585683278054,33810
361470,3610,family,3,12057010108,1,73584,335,-82.0633379868184,28.111585683278054,33810
361470,3611,family,3,12057010108,1,73584,335,-82.0633379868184,28.111585683278054,33810
361471,3614,family,3,12057010108,1,132232,602,-82.06360168071697,28.11158556405802,33810
361471,3615,family,3,12057010108,1,132232,602,-82.06360168071697,28.11158556405802,33810
361471,3616,family,3,12057010108,1,132232,602,-82.06360168071697,28.11158556405802,33810
361473,3618,family,3,12057010108,1,58599,267,-82.06359304123066,28.111402654442003,33810
361473,3620,family,3,12057010108,1,58599,267,-82.06359304123066,28.111402654442003,33810
361473,3621,family,3,12057010108,1,58599,267,-82.06359304123066,28.111402654442003,33810
361474,3622,family,3,12057010108,1,88647,404,-82.06333785140708,28.11135738828077,33810
361474,3624,family,3,12057010108,1,88647,404,-82.06333785140708,28.11135738828077,33810
361474,3625,family,3,12057010108,1,88647,404,-82.06333785140708,28.11135738828077,33810
361475,3627,family,3,12057010108,1,31577,144,-82.0633274824101,28.11118669894693,33810
361475,3628,family,3,12057010108,1,31577,144,-82.0633274824101,28.11118669894693,33810
361475,3629,family,3,12057010108,1,31577,144,-82.0633274824101,28.11118669894693,33810
361476,3630,family,3,12057010108,1,126985,578,-82.0628222465892,28.11303731355782,33810
361476,3631,family,3,12057010108,1,126985,578,-82.0628222465892,28.11303731355782,33810
361476,3632,family,3,12057010108,1,126985,578,-82.0628222465892,28.11303731355782,33810
361477,3633,family,3,12057010108,1,48155,219,-82.06282217346127,28.11291353883428,33810
361477,3634,family,3,12057010108,1,48155,219,-82.06282217346127,28.11291353883428,33810
361477,3635,family,3,12057010108,1,48155,219,-82.06282217346127,28.11291353883428,33810
361478,3637,family,3,12057010108,1,84000,383,-82.06282208814622,28.1127691355107,33810
361478,3638,family,3,12057010108,1,84000,383,-82.06282208814622,28.1127691355107,33810
361478,3640,family,3,12057010108,1,84000,383,-82.06282208814622,28.1127691355107,33810
361479,3641,family,3,12057010108,1,47737,217,-82.06282198414286,28.112593099164545,33810
361479,3642,family,3,12057010108,1,47737,217,-82.06282198414286,28.112593099164545,33810
361479,3644,family,3,12057010108,1,47737,217,-82.06282198414286,28.112593099164545,33810
361480,3645,family,3,12057010108,1,26566,121,-82.06282191264185,28.112472075417703,33810
361480,3646,family,3,12057010108,1,26566,121,-82.06282191264185,28.112472075417703,33810
361480,3647,family,3,12057010108,1,26566,121,-82.06282191264185,28.112472075417703,33810
361481,3648,family,3,12057010108,1,66880,305,-82.062821844391,28.112356552297065,33810
361481,3649,family,3,12057010108,1,66880,305,-82.062821844391,28.112356552297065,33810
361481,3651,family,3,12057010108,1,66880,305,-82.062821844391,28.112356552297065,33810
361482,3652,family,3,12057010108,1,68778,313,-82.06282177776555,28.112243779715232,33810
361482,3653,family,3,12057010108,1,68778,313,-82.06282177776555,28.112243779715232,33810
361482,3654,family,3,12057010108,1,68778,313,-82.06282177776555,28.112243779715232,33810
361483,3655,family,3,12057010108,1,63823,291,-82.06282171114077,28.112131007582747,33810
361483,3657,family,3,12057010108,1,63823,291,-82.06282171114077,28.112131007582747,33810
361483,3658,family,3,12057010108,1,63823,291,-82.06282171114077,28.112131007582747,33810
361484,3659,family,3,12057010108,1,8189,37,-82.06282164451633,28.11201823544841,33810
361484,3660,family,3,12057010108,1,8189,37,-82.06282164451633,28.11201823544841,33810
361484,3661,family,3,12057010108,1,8189,37,-82.06282164451633,28.11201823544841,33810
361485,3662,family,3,12057010108,1,207495,945,-82.0628215754546,28.11190133705259,33810
361485,3663,family,3,12057010108,1,207495,945,-82.0628215754546,28.11190133705259,33810
361485,3665,family,3,12057010108,1,207495,945,-82.0628215754546,28.11190133705259,33810
361486,3666,family,3,12057010108,1,29440,134,-82.06280292625819,28.11170420273721,33810
361486,3667,family,3,12057010108,1,29440,134,-82.06280292625819,28.11170420273721,33810
361486,3669,family,3,12057010108,1,29440,134,-82.06280292625819,28.11170420273721,33810
361487,3670,family,3,12057010108,1,5860,27,-82.06280286127893,28.11159418068477,33810
361487,3671,family,3,12057010108,1,5860,27,-82.06280286127893,28.11159418068477,33810
361487,3672,family,3,12057010108,1,5860,27,-82.06280286127893,28.11159418068477,33810
361488,3673,family,3,12057010108,1,26787,122,-82.06280279630002,28.111484158630564,33810
361488,3675,family,3,12057010108,1,26787,122,-82.06280279630002,28.111484158630564,33810
361488,3678,family,3,12057010108,1,26787,122,-82.06280279630002,28.111484158630564,33810
361489,3679,family,3,12057010108,1,15432,70,-82.06280273132148,28.1113741365746,33810
361489,3680,family,3,12057010108,1,15432,70,-82.06280273132148,28.1113741365746,33810
361489,3682,family,3,12057010108,1,15432,70,-82.06280273132148,28.1113741365746,33810
361490,3683,family,3,12057010108,1,111220,506,-82.06280266634329,28.111264114516857,33810
361490,3685,family,3,12057010108,1,111220,506,-82.06280266634329,28.111264114516857,33810
361490,3686,family,3,12057010108,1,111220,506,-82.06280266634329,28.111264114516857,33810
361491,3688,family,3,12057010108,1,71348,325,-82.06280260136602,28.11115409335975,33810
361491,3689,family,3,12057010108,1,71348,325,-82.06280260136602,28.11115409335975,33810
361491,3690,family,3,12057010108,1,71348,325,-82.06280260136602,28.11115409335975,33810
361492,3691,family,3,12057010108,1,233540,1063,-82.06280253638882,28.111044071749685,33810
361492,3693,family,3,12057010108,1,233540,1063,-82.06280253638882,28.111044071749685,33810
361492,3694,family,3,12057010108,1,233540,1063,-82.06280253638882,28.111044071749685,33810
361493,3695,family,3,12057010108,1,1938,9,-82.0628024714117,28.11093404968664,33810
361493,3696,family,3,12057010108,1,1938,9,-82.0628024714117,28.11093404968664,33810
361493,3697,family,3,12057010108,1,1938,9,-82.0628024714117,28.11093404968664,33810
361494,3698,family,3,12057010108,1,2878,13,-82.0631131457115,28.11170406009097,33810
361494,3699,family,3,12057010108,1,2878,13,-82.0631131457115,28.11170406009097,33810
361494,3700,family,3,12057010108,1,2878,13,-82.0631131457115,28.11170406009097,33810
361495,3704,family,3,12057010108,1,34955,159,-82.06311308030794,28.111594038306144,33810
361495,3705,family,3,12057010108,1,34955,159,-82.06311308030794,28.111594038306144,33810
361495,3706,family,3,12057010108,1,34955,159,-82.06311308030794,28.111594038306144,33810
361496,3707,family,3,12057010108,1,62522,285,-82.06311301445956,28.111484016659407,33810
361496,3708,family,3,12057010108,1,62522,285,-82.06311301445956,28.111484016659407,33810
361496,3710,family,3,12057010108,1,62522,285,-82.06311301445956,28.111484016659407,33810
361497,3712,family,3,12057010108,1,10323,47,-82.0631129495656,28.11137399478487,33810
361497,3714,family,3,12057010108,1,10323,47,-82.0631129495656,28.11137399478487,33810
361497,3717,family,3,12057010108,1,10323,47,-82.0631129495656,28.11137399478487,33810
361498,3719,family,3,12057010108,1,28804,131,-82.06311288467178,28.111263972543316,33810
361498,3722,family,3,12057010108,1,28804,131,-82.06311288467178,28.111263972543316,33810
361498,3723,family,3,12057010108,1,28804,131,-82.06311288467178,28.111263972543316,33810
361499,3724,family,3,12057010108,1,59145,269,-82.06311281912112,28.11115395052588,33810
361499,3726,family,3,12057010108,1,59145,269,-82.06311281912112,28.11115395052588,33810
361499,3729,family,3,12057010108,1,59145,269,-82.06311281912112,28.11115395052588,33810
361501,3730,family,3,12057010108,1,60730,277,-82.06278660131476,28.11078446129359,33810
361501,3731,family,3,12057010108,1,60730,277,-82.06278660131476,28.11078446129359,33810
361501,3732,family,3,12057010108,1,60730,277,-82.06278660131476,28.11078446129359,33810
361502,3734,family,3,12057010108,1,69054,314,-82.06249099352492,28.111585072995965,33810
361502,3735,family,3,12057010108,1,69054,314,-82.06249099352492,28.111585072995965,33810
361502,3737,family,3,12057010108,1,69054,314,-82.06249099352492,28.111585072995965,33810
361503,3738,family,3,12057010108,1,60867,277,-82.06249092846343,28.11147505121137,33810
361503,3739,family,3,12057010108,1,60867,277,-82.06249092846343,28.11147505121137,33810
361503,3740,family,3,12057010108,1,60867,277,-82.06249092846343,28.11147505121137,33810
361504,3741,family,3,12057010108,1,32492,148,-82.06248465972772,28.11136503182883,33810
361504,3742,family,3,12057010108,1,32492,148,-82.06248465972772,28.11136503182883,33810
361504,3744,family,3,12057010108,1,32492,148,-82.06248465972772,28.11136503182883,33810
361505,3745,family,3,12057010108,1,35605,162,-82.0624907990835,28.111255007325045,33810
361505,3746,family,3,12057010108,1,35605,162,-82.0624907990835,28.111255007325045,33810
361505,3747,family,3,12057010108,1,35605,162,-82.0624907990835,28.111255007325045,33810
361506,3748,family,3,12057010108,1,39174,178,-82.0624907339809,28.111144985943408,33810
361506,3749,family,3,12057010108,1,39174,178,-82.0624907339809,28.111144985943408,33810
361506,3750,family,3,12057010108,1,39174,178,-82.0624907339809,28.111144985943408,33810
361507,3751,family,3,12057010108,1,115622,527,-82.0624844650929,28.111034967000396,33810
361507,3753,family,3,12057010108,1,115622,527,-82.0624844650929,28.111034967000396,33810
361507,3754,family,3,12057010108,1,115622,527,-82.0624844650929,28.111034967000396,33810
361508,3756,family,3,12057010108,1,41772,190,-82.06248440039327,28.11092494472893,33810
361508,3759,family,3,12057010108,1,41772,190,-82.06248440039327,28.11092494472893,33810
361508,3760,family,3,12057010108,1,41772,190,-82.06248440039327,28.11092494472893,33810
361509,3762,family,3,12057010108,1,107360,489,-82.06249054030688,28.110814919756795,33810
361509,3763,family,3,12057010108,1,107360,489,-82.06249054030688,28.110814919756795,33810
361509,3765,family,3,12057010108,1,107360,489,-82.06249054030688,28.110814919756795,33810
361510,3766,family,3,12057010108,1,200649,914,-82.06249047550229,28.110704897916765,33810
361510,3767,family,3,12057010108,1,200649,914,-82.06249047550229,28.110704897916765,33810
361510,3768,family,3,12057010108,1,200649,914,-82.06249047550229,28.110704897916765,33810
361511,3771,family,3,12057010108,1,80482,366,-82.06247488441304,28.110550746585165,33810
361511,3773,family,3,12057010108,1,80482,366,-82.06247488441304,28.110550746585165,33810
361511,3775,family,3,12057010108,1,80482,366,-82.06247488441304,28.110550746585165,33810
361512,3776,family,3,12057010108,1,62215,283,-82.06180819103915,28.110731904177896,33810
361512,3777,family,3,12057010108,1,62215,283,-82.06180819103915,28.110731904177896,33810
361512,3778,family,3,12057010108,1,62215,283,-82.06180819103915,28.110731904177896,33810
361512,3779,family,3,12057010108,2,34731,158,-82.06180819103915,28.110731904177896,33810
361512,3780,family,3,12057010108,2,34731,158,-82.06180819103915,28.110731904177896,33810
361512,3781,family,3,12057010108,2,34731,158,-82.06180819103915,28.110731904177896,33810
361512,3782,family,3,12057010108,3,96712,440,-82.06180819103915,28.110731904177896,33810
361512,3784,family,3,12057010108,3,96712,440,-82.06180819103915,28.110731904177896,33810
361512,3787,family,3,12057010108,3,96712,440,-82.06180819103915,28.110731904177896,33810
361512,3788,family,3,12057010108,4,33826,154,-82.06180819103915,28.110731904177896,33810
361512,3790,family,3,12057010108,4,33826,154,-82.06180819103915,28.110731904177896,33810
361512,3791,family,3,12057010108,4,33826,154,-82.06180819103915,28.110731904177896,33810
361512,3793,family,3,12057010108,5,30616,139,-82.06180819103915,28.110731904177896,33810
361512,3794,family,3,12057010108,5,30616,139,-82.06180819103915,28.110731904177896,33810
361512,3795,family,3,12057010108,5,30616,139,-82.06180819103915,28.110731904177896,33810
361512,3797,family,3,12057010108,6,1374,6,-82.06180819103915,28.110731904177896,33810
361512,3798,family,3,12057010108,6,1374,6,-82.06180819103915,28.110731904177896,33810
361512,3799,family,3,12057010108,6,1374,6,-82.06180819103915,28.110731904177896,33810
361512,3800,family,3,12057010108,7,95645,436,-82.06180819103915,28.110731904177896,33810
361512,3802,family,3,12057010108,7,95645,436,-82.06180819103915,28.110731904177896,33810
361512,3803,family,3,12057010108,7,95645,436,-82.06180819103915,28.110731904177896,33810
361512,3805,family,3,12057010108,8,71539,326,-82.06180819103915,28.110731904177896,33810
361512,3806,family,3,12057010108,8,71539,326,-82.06180819103915,28.110731904177896,33810
361512,3807,family,3,12057010108,8,71539,326,-82.06180819103915,28.110731904177896,33810
361512,3808,family,4,12057010108,9,108625,410,-82.06180819103915,28.110731904177896,33810
361512,3809,family,4,12057010108,9,108625,410,-82.06180819103915,28.110731904177896,33810
361512,3813,family,4,12057010108,9,108625,410,-82.06180819103915,28.110731904177896,33810
361512,3814,family,4,12057010108,9,108625,410,-82.06180819103915,28.110731904177896,33810
361512,3815,family,4,12057010108,10,30910,117,-82.06180819103915,28.110731904177896,33810
361512,3817,family,4,12057010108,10,30910,117,-82.06180819103915,28.110731904177896,33810
361512,3818,family,4,12057010108,10,30910,117,-82.06180819103915,28.110731904177896,33810
361512,3819,family,4,12057010108,10,30910,117,-82.06180819103915,28.110731904177896,33810
361512,3822,family,4,12057010108,11,14567,55,-82.06180819103915,28.110731904177896,33810
361512,3823,family,4,12057010108,11,14567,55,-82.06180819103915,28.110731904177896,33810
361512,3824,family,4,12057010108,11,14567,55,-82.06180819103915,28.110731904177896,33810
361512,3825,family,4,12057010108,11,14567,55,-82.06180819103915,28.110731904177896,33810
361512,3826,family,4,12057010108,12,163401,617,-82.06180819103915,28.110731904177896,33810
361512,3827,family,4,12057010108,12,163401,617,-82.06180819103915,28.110731904177896,33810
361512,3828,family,4,12057010108,12,163401,617,-82.06180819103915,28.110731904177896,33810
361512,3829,family,4,12057010108,12,163401,617,-82.06180819103915,28.110731904177896,33810
361512,3830,family,4,12057010108,13,113462,428,-82.06180819103915,28.110731904177896,33810
361512,3832,family,4,12057010108,13,113462,428,-82.06180819103915,28.110731904177896,33810
361512,3833,family,4,12057010108,13,113462,428,-82.06180819103915,28.110731904177896,33810
361512,3835,family,4,12057010108,13,113462,428,-82.06180819103915,28.110731904177896,33810
361512,3836,family,4,12057010108,14,21278,80,-82.06180819103915,28.110731904177896,33810
361512,3840,family,4,12057010108,14,21278,80,-82.06180819103915,28.110731904177896,33810
361512,3843,family,4,12057010108,14,21278,80,-82.06180819103915,28.110731904177896,33810
361512,3844,family,4,12057010108,14,21278,80,-82.06180819103915,28.110731904177896,33810
361512,3846,family,4,12057010108,15,30764,116,-82.06180819103915,28.110731904177896,33810
361512,3847,family,4,12057010108,15,30764,116,-82.06180819103915,28.110731904177896,33810
361512,3848,family,4,12057010108,15,30764,116,-82.06180819103915,28.110731904177896,33810
361512,3849,family,4,12057010108,15,30764,116,-82.06180819103915,28.110731904177896,33810
361512,3853,family,4,12057010108,16,8867,33,-82.06180819103915,28.110731904177896,33810
361512,3854,family,4,12057010108,16,8867,33,-82.06180819103915,28.110731904177896,33810
361512,3855,family,4,12057010108,16,8867,33,-82.06180819103915,28.110731904177896,33810
361512,3857,family,4,12057010108,16,8867,33,-82.06180819103915,28.110731904177896,33810
361512,3861,family,4,12057010108,17,62209,235,-82.06180819103915,28.110731904177896,33810
361512,3862,family,4,12057010108,17,62209,235,-82.06180819103915,28.110731904177896,33810
361512,3864,family,4,12057010108,17,62209,235,-82.06180819103915,28.110731904177896,33810
361512,3865,family,4,12057010108,17,62209,235,-82.06180819103915,28.110731904177896,33810
361512,3868,family,4,12057010108,18,11675,44,-82.06180819103915,28.110731904177896,33810
361512,3869,family,4,12057010108,18,11675,44,-82.06180819103915,28.110731904177896,33810
361512,3870,family,4,12057010108,18,11675,44,-82.06180819103915,28.110731904177896,33810
361512,3871,family,4,12057010108,18,11675,44,-82.06180819103915,28.110731904177896,33810
361512,3872,family,4,12057010108,19,1061,4,-82.06180819103915,28.110731904177896,33810
361512,3874,family,4,12057010108,19,1061,4,-82.06180819103915,28.110731904177896,33810
361512,3875,family,4,12057010108,19,1061,4,-82.06180819103915,28.110731904177896,33810
361512,3877,family,4,12057010108,19,1061,4,-82.06180819103915,28.110731904177896,33810
361512,3879,family,4,12057010108,20,56877,215,-82.06180819103915,28.110731904177896,33810
361512,3880,family,4,12057010108,20,56877,215,-82.06180819103915,28.110731904177896,33810
361512,3881,family,4,12057010108,20,56877,215,-82.06180819103915,28.110731904177896,33810
361512,3882,family,4,12057010108,20,56877,215,-82.06180819103915,28.110731904177896,33810
361512,3884,family,4,12057010108,21,46415,175,-82.06180819103915,28.110731904177896,33810
361512,3885,family,4,12057010108,21,46415,175,-82.06180819103915,28.110731904177896,33810
361512,3886,family,4,12057010108,21,46415,175,-82.06180819103915,28.110731904177896,33810
361512,3887,family,4,12057010108,21,46415,175,-82.06180819103915,28.110731904177896,33810
361512,3888,family,4,12057010108,22,34939,132,-82.06180819103915,28.110731904177896,33810
361512,3890,family,4,12057010108,22,34939,132,-82.06180819103915,28.110731904177896,33810
361512,3891,family,4,12057010108,22,34939,132,-82.06180819103915,28.110731904177896,33810
361512,3893,family,4,12057010108,22,34939,132,-82.06180819103915,28.110731904177896,33810
361512,3894,family,5,12057010108,23,68292,220,-82.06180819103915,28.110731904177896,33810
361512,3895,family,5,12057010108,23,68292,220,-82.06180819103915,28.110731904177896,33810
361512,3896,family,5,12057010108,23,68292,220,-82.06180819103915,28.110731904177896,33810
361512,3897,family,5,12057010108,23,68292,220,-82.06180819103915,28.110731904177896,33810
361512,3901,family,5,12057010108,23,68292,220,-82.06180819103915,28.110731904177896,33810
361512,3902,family,5,12057010108,24,118014,380,-82.06180819103915,28.110731904177896,33810
361512,3903,family,5,12057010108,24,118014,380,-82.06180819103915,28.110731904177896,33810
361512,3904,family,5,12057010108,24,118014,380,-82.06180819103915,28.110731904177896,33810
361512,3905,family,5,12057010108,24,118014,380,-82.06180819103915,28.110731904177896,33810
361512,3906,family,5,12057010108,24,118014,380,-82.06180819103915,28.110731904177896,33810
361512,3908,family,5,12057010108,25,79383,256,-82.06180819103915,28.110731904177896,33810
361512,3910,family,5,12057010108,25,79383,256,-82.06180819103915,28.110731904177896,33810
361512,3912,family,5,12057010108,25,79383,256,-82.06180819103915,28.110731904177896,33810
361512,3913,family,5,12057010108,25,79383,256,-82.06180819103915,28.110731904177896,33810
361512,3915,family,5,12057010108,25,79383,256,-82.06180819103915,28.110731904177896,33810
361512,3917,family,5,12057010108,26,193333,623,-82.06180819103915,28.110731904177896,33810
361512,3918,family,5,12057010108,26,193333,623,-82.06180819103915,28.110731904177896,33810
361512,3919,family,5,12057010108,26,193333,623,-82.06180819103915,28.110731904177896,33810
361512,3920,family,5,12057010108,26,193333,623,-82.06180819103915,28.110731904177896,33810
361512,3921,family,5,12057010108,26,193333,623,-82.06180819103915,28.110731904177896,33810
361512,3923,family,5,12057010108,27,24804,80,-82.06180819103915,28.110731904177896,33810
361512,3924,family,5,12057010108,27,24804,80,-82.06180819103915,28.110731904177896,33810
361512,3925,family,5,12057010108,27,24804,80,-82.06180819103915,28.110731904177896,33810
361512,3927,family,5,12057010108,27,24804,80,-82.06180819103915,28.110731904177896,33810
361512,3928,family,5,12057010108,27,24804,80,-82.06180819103915,28.110731904177896,33810
361512,3930,family,5,12057010108,28,66792,215,-82.06180819103915,28.110731904177896,33810
361512,3931,family,5,12057010108,28,66792,215,-82.06180819103915,28.110731904177896,33810
361512,3932,family,5,12057010108,28,66792,215,-82.06180819103915,28.110731904177896,33810
361512,3936,family,5,12057010108,28,66792,215,-82.06180819103915,28.110731904177896,33810
361512,3937,family,5,12057010108,28,66792,215,-82.06180819103915,28.110731904177896,33810
361512,3939,family,5,12057010108,29,37837,122,-82.06180819103915,28.110731904177896,33810
361512,3940,family,5,12057010108,29,37837,122,-82.06180819103915,28.110731904177896,33810
361512,3944,family,5,12057010108,29,37837,122,-82.06180819103915,28.110731904177896,33810
361512,3946,family,5,12057010108,29,37837,122,-82.06180819103915,28.110731904177896,33810
361512,3947,family,5,12057010108,29,37837,122,-82.06180819103915,28.110731904177896,33810
361512,3948,family,5,12057010108,30,70309,227,-82.06180819103915,28.110731904177896,33810
361512,3949,family,5,12057010108,30,70309,227,-82.06180819103915,28.110731904177896,33810
361512,3950,family,5,12057010108,30,70309,227,-82.06180819103915,28.110731904177896,33810
361512,3951,family,5,12057010108,30,70309,227,-82.06180819103915,28.110731904177896,33810
361512,3955,family,5,12057010108,30,70309,227,-82.06180819103915,28.110731904177896,33810
361512,3956,family,5,12057010108,31,106762,344,-82.06180819103915,28.110731904177896,33810
361512,3958,family,5,12057010108,31,106762,344,-82.06180819103915,28.110731904177896,33810
361512,3960,family,5,12057010108,31,106762,344,-82.06180819103915,28.110731904177896,33810
361512,3961,family,5,12057010108,31,106762,344,-82.06180819103915,28.110731904177896,33810
361512,3963,family,5,12057010108,31,106762,344,-82.06180819103915,28.110731904177896,33810
361512,3964,family,5,12057010108,32,10127,33,-82.06180819103915,28.110731904177896,33810
361512,3965,family,5,12057010108,32,10127,33,-82.06180819103915,28.110731904177896,33810
361512,3966,family,5,12057010108,32,10127,33,-82.06180819103915,28.110731904177896,33810
361512,3967,family,5,12057010108,32,10127,33,-82.06180819103915,28.110731904177896,33810
361512,3968,family,5,12057010108,32,10127,33,-82.06180819103915,28.110731904177896,33810
361512,3969,family,5,12057010108,33,39976,129,-82.06180819103915,28.110731904177896,33810
361512,3970,family,5,12057010108,33,39976,129,-82.06180819103915,28.110731904177896,33810
361512,3971,family,5,12057010108,33,39976,129,-82.06180819103915,28.110731904177896,33810
361512,3973,family,5,12057010108,33,39976,129,-82.06180819103915,28.110731904177896,33810
361512,3975,family,5,12057010108,33,39976,129,-82.06180819103915,28.110731904177896,33810
361512,3976,family,5,12057010108,34,229785,740,-82.06180819103915,28.110731904177896,33810
361512,3977,family,5,12057010108,34,229785,740,-82.06180819103915,28.110731904177896,33810
361512,2383,family,5,12057010108,34,229785,740,-82.06180819103915,28.110731904177896,33810
361512,2394,family,5,12057010108,34,229785,740,-82.06180819103915,28.110731904177896,33810
361512,2395,family,5,12057010108,34,229785,740,-82.06180819103915,28.110731904177896,33810
361512,2400,family,5,12057010108,35,28673,92,-82.06180819103915,28.110731904177896,33810
361512,2401,family,5,12057010108,35,28673,92,-82.06180819103915,28.110731904177896,33810
361512,2402,family,5,12057010108,35,28673,92,-82.06180819103915,28.110731904177896,33810
361512,2405,family,5,12057010108,35,28673,92,-82.06180819103915,28.110731904177896,33810
361512,2407,family,5,12057010108,35,28673,92,-82.06180819103915,28.110731904177896,33810
361512,2409,family,6,12057010108,36,26290,74,-82.06180819103915,28.110731904177896,33810
361512,2416,family,6,12057010108,36,26290,74,-82.06180819103915,28.110731904177896,33810
361512,2421,family,6,12057010108,36,26290,74,-82.06180819103915,28.110731904177896,33810
361512,2432,family,6,12057010108,36,26290,74,-82.06180819103915,28.110731904177896,33810
361512,2434,family,6,12057010108,36,26290,74,-82.06180819103915,28.110731904177896,33810
361512,2438,family,6,12057010108,36,26290,74,-82.06180819103915,28.110731904177896,33810
361512,2441,family,6,12057010108,37,34528,97,-82.06180819103915,28.110731904177896,33810
361512,2443,family,6,12057010108,37,34528,97,-82.06180819103915,28.110731904177896,33810
361512,2453,family,6,12057010108,37,34528,97,-82.06180819103915,28.110731904177896,33810
361512,2455,family,6,12057010108,37,34528,97,-82.06180819103915,28.110731904177896,33810
361512,2456,family,6,12057010108,37,34528,97,-82.06180819103915,28.110731904177896,33810
361512,2457,family,6,12057010108,37,34528,97,-82.06180819103915,28.110731904177896,33810
361512,2459,family,6,12057010108,38,33511,94,-82.06180819103915,28.110731904177896,33810
361512,2464,family,6,12057010108,38,33511,94,-82.06180819103915,28.110731904177896,33810
361512,2465,family,6,12057010108,38,33511,94,-82.06180819103915,28.110731904177896,33810
361512,2468,family,6,12057010108,38,33511,94,-82.06180819103915,28.110731904177896,33810
361512,2469,family,6,12057010108,38,33511,94,-82.06180819103915,28.110731904177896,33810
361512,2471,family,6,12057010108,38,33511,94,-82.06180819103915,28.110731904177896,33810
361512,2473,family,6,12057010108,39,68037,191,-82.06180819103915,28.110731904177896,33810
361512,2477,family,6,12057010108,39,68037,191,-82.06180819103915,28.110731904177896,33810
361512,2480,family,6,12057010108,39,68037,191,-82.06180819103915,28.110731904177896,33810
361512,2482,family,6,12057010108,39,68037,191,-82.06180819103915,28.110731904177896,33810
361512,2485,family,6,12057010108,39,68037,191,-82.06180819103915,28.110731904177896,33810
361512,2487,family,6,12057010108,39,68037,191,-82.06180819103915,28.110731904177896,33810
361512,2490,family,6,12057010108,40,22348,63,-82.06180819103915,28.110731904177896,33810
361512,2494,family,6,12057010108,40,22348,63,-82.06180819103915,28.110731904177896,33810
361512,2496,family,6,12057010108,40,22348,63,-82.06180819103915,28.110731904177896,33810
361512,2497,family,6,12057010108,40,22348,63,-82.06180819103915,28.110731904177896,33810
361512,2499,family,6,12057010108,40,22348,63,-82.06180819103915,28.110731904177896,33810
361512,2503,family,6,12057010108,40,22348,63,-82.06180819103915,28.110731904177896,33810
361512,2504,family,6,12057010108,41,5280,15,-82.06180819103915,28.110731904177896,33810
361512,2508,family,6,12057010108,41,5280,15,-82.06180819103915,28.110731904177896,33810
361512,2509,family,6,12057010108,41,5280,15,-82.06180819103915,28.110731904177896,33810
361512,2514,family,6,12057010108,41,5280,15,-82.06180819103915,28.110731904177896,33810
361512,2515,family,6,12057010108,41,5280,15,-82.06180819103915,28.110731904177896,33810
361512,2518,family,6,12057010108,41,5280,15,-82.06180819103915,28.110731904177896,33810
361512,2519,family,6,12057010108,42,35968,101,-82.06180819103915,28.110731904177896,33810
361512,2527,family,6,12057010108,42,35968,101,-82.06180819103915,28.110731904177896,33810
361512,2528,family,6,12057010108,42,35968,101,-82.06180819103915,28.110731904177896,33810
361512,2531,family,6,12057010108,42,35968,101,-82.06180819103915,28.110731904177896,33810
361512,2532,family,6,12057010108,42,35968,101,-82.06180819103915,28.110731904177896,33810
361512,2538,family,6,12057010108,42,35968,101,-82.06180819103915,28.110731904177896,33810
361512,2541,family,6,12057010108,43,38944,109,-82.06180819103915,28.110731904177896,33810
361512,2546,family,6,12057010108,43,38944,109,-82.06180819103915,28.110731904177896,33810
361512,2547,family,6,12057010108,43,38944,109,-82.06180819103915,28.110731904177896,33810
361512,2550,family,6,12057010108,43,38944,109,-82.06180819103915,28.110731904177896,33810
361512,2553,family,6,12057010108,43,38944,109,-82.06180819103915,28.110731904177896,33810
361512,2554,family,6,12057010108,43,38944,109,-82.06180819103915,28.110731904177896,33810
361513,2555,family,6,12057010108,1,117115,329,-82.06344091226786,28.110005394885626,33810
361513,2557,family,6,12057010108,1,117115,329,-82.06344091226786,28.110005394885626,33810
361513,2559,family,6,12057010108,1,117115,329,-82.06344091226786,28.110005394885626,33810
361513,2561,family,6,12057010108,1,117115,329,-82.06344091226786,28.110005394885626,33810
361513,2564,family,6,12057010108,1,117115,329,-82.06344091226786,28.110005394885626,33810
361513,2567,family,6,12057010108,1,117115,329,-82.06344091226786,28.110005394885626,33810
361514,2568,family,7,12057010108,1,102624,256,-82.06367357302284,28.110005361944,33810
361514,2575,family,7,12057010108,1,102624,256,-82.06367357302284,28.110005361944,33810
361514,2577,family,7,12057010108,1,102624,256,-82.06367357302284,28.110005361944,33810
361514,2595,family,7,12057010108,1,102624,256,-82.06367357302284,28.110005361944,33810
361514,2596,family,7,12057010108,1,102624,256,-82.06367357302284,28.110005361944,33810
361514,2599,family,7,12057010108,1,102624,256,-82.06367357302284,28.110005361944,33810
361514,2603,family,7,12057010108,1,102624,256,-82.06367357302284,28.110005361944,33810
361515,2604,family,7,12057010108,1,48937,122,-82.06390623431571,28.11000532828475,33810
361515,2608,family,7,12057010108,1,48937,122,-82.06390623431571,28.11000532828475,33810
361515,2609,family,7,12057010108,1,48937,122,-82.06390623431571,28.11000532828475,33810
361515,2611,family,7,12057010108,1,48937,122,-82.06390623431571,28.11000532828475,33810
361515,2616,family,7,12057010108,1,48937,122,-82.06390623431571,28.11000532828475,33810
361515,2619,family,7,12057010108,1,48937,122,-82.06390623431571,28.11000532828475,33810
361515,2620,family,7,12057010108,1,48937,122,-82.06390623431571,28.11000532828475,33810
361516,2622,family,7,12057010108,1,48312,120,-82.06386723154104,28.109764643834183,33810
361516,2625,family,7,12057010108,1,48312,120,-82.06386723154104,28.109764643834183,33810
361516,2634,family,7,12057010108,1,48312,120,-82.06386723154104,28.109764643834183,33810
361516,2636,family,7,12057010108,1,48312,120,-82.06386723154104,28.109764643834183,33810
361516,2638,family,7,12057010108,1,48312,120,-82.06386723154104,28.109764643834183,33810
361516,2639,family,7,12057010108,1,48312,120,-82.06386723154104,28.109764643834183,33810
361516,2641,family,7,12057010108,1,48312,120,-82.06386723154104,28.109764643834183,33810
361517,2642,family,7,12057010108,1,31800,79,-82.06386702420089,28.10955835290349,33810
361517,2653,family,7,12057010108,1,31800,79,-82.06386702420089,28.10955835290349,33810
361517,2657,family,7,12057010108,1,31800,79,-82.06386702420089,28.10955835290349,33810
361517,2658,family,7,12057010108,1,31800,79,-82.06386702420089,28.10955835290349,33810
361517,2659,family,7,12057010108,1,31800,79,-82.06386702420089,28.10955835290349,33810
361517,2660,family,7,12057010108,1,31800,79,-82.06386702420089,28.10955835290349,33810
361517,2661,family,7,12057010108,1,31800,79,-82.06386702420089,28.10955835290349,33810
361518,2663,family,7,12057010108,1,64569,161,-82.06386681698604,28.109352062264545,33810
361518,2664,family,7,12057010108,1,64569,161,-82.06386681698604,28.109352062264545,33810
361518,2675,family,7,12057010108,1,64569,161,-82.06386681698604,28.109352062264545,33810
361518,2676,family,7,12057010108,1,64569,161,-82.06386681698604,28.109352062264545,33810
361518,2677,family,7,12057010108,1,64569,161,-82.06386681698604,28.109352062264545,33810
361518,2690,family,7,12057010108,1,64569,161,-82.06386681698604,28.109352062264545,33810
361518,2698,family,7,12057010108,1,64569,161,-82.06386681698604,28.109352062264545,33810
361519,2701,family,7,12057010108,1,13751,34,-82.0638623195904,28.10914180505077,33810
361519,2703,family,7,12057010108,1,13751,34,-82.0638623195904,28.10914180505077,33810
361519,2705,family,7,12057010108,1,13751,34,-82.0638623195904,28.10914180505077,33810
361519,2707,family,7,12057010108,1,13751,34,-82.0638623195904,28.10914180505077,33810
361519,2711,family,7,12057010108,1,13751,34,-82.0638623195904,28.10914180505077,33810
361519,2713,family,7,12057010108,1,13751,34,-82.0638623195904,28.10914180505077,33810
361519,2716,family,7,12057010108,1,13751,34,-82.0638623195904,28.10914180505077,33810
361520,2717,family,7,12057010108,1,29566,74,-82.06424881162292,28.110358337129654,33810
361520,2720,family,7,12057010108,1,29566,74,-82.06424881162292,28.110358337129654,33810
361520,2721,family,7,12057010108,1,29566,74,-82.06424881162292,28.110358337129654,33810
361520,2723,family,7,12057010108,1,29566,74,-82.06424881162292,28.110358337129654,33810
361520,2724,family,7,12057010108,1,29566,74,-82.06424881162292,28.110358337129654,33810
361520,2728,family,7,12057010108,1,29566,74,-82.06424881162292,28.110358337129654,33810
361520,2729,family,7,12057010108,1,29566,74,-82.06424881162292,28.110358337129654,33810
361521,2731,family,7,12057010108,1,21892,55,-82.06424817188835,28.1101107812169,33810
361521,2733,family,7,12057010108,1,21892,55,-82.06424817188835,28.1101107812169,33810
361521,2734,family,7,12057010108,1,21892,55,-82.06424817188835,28.1101107812169,33810
361521,2735,family,7,12057010108,1,21892,55,-82.06424817188835,28.1101107812169,33810
361521,2738,family,7,12057010108,1,21892,55,-82.06424817188835,28.1101107812169,33810
361521,2740,family,7,12057010108,1,21892,55,-82.06424817188835,28.1101107812169,33810
361521,2743,family,7,12057010108,1,21892,55,-82.06424817188835,28.1101107812169,33810
361522,2745,family,7,12057010108,1,39868,99,-82.06424767908966,28.109904481872647,33810
361522,2747,family,7,12057010108,1,39868,99,-82.06424767908966,28.109904481872647,33810
361522,2749,family,7,12057010108,1,39868,99,-82.06424767908966,28.109904481872647,33810
361522,2750,family,7,12057010108,1,39868,99,-82.06424767908966,28.109904481872647,33810
361522,2757,family,7,12057010108,1,39868,99,-82.06424767908966,28.109904481872647,33810
361522,2764,family,7,12057010108,1,39868,99,-82.06424767908966,28.109904481872647,33810
361522,2774,family,7,12057010108,1,39868,99,-82.06424767908966,28.109904481872647,33810
361523,2775,family,7,12057010108,1,19249,48,-82.06424712294096,28.109698185866502,33810
361523,2777,family,7,12057010108,1,19249,48,-82.06424712294096,28.109698185866502,33810
361523,2785,family,7,12057010108,1,19249,48,-82.06424712294096,28.109698185866502,33810
361523,2790,family,7,12057010108,1,19249,48,-82.06424712294096,28.109698185866502,33810
361523,2793,family,7,12057010108,1,19249,48,-82.06424712294096,28.109698185866502,33810
361523,2796,family,7,12057010108,1,19249,48,-82.06424712294096,28.109698185866502,33810
361523,2800,family,7,12057010108,1,19249,48,-82.06424712294096,28.109698185866502,33810
361524,2811,family,7,12057010108,1,73963,184,-82.06424653066986,28.109491893140568,33810
361524,2817,family,7,12057010108,1,73963,184,-82.06424653066986,28.109491893140568,33810
361524,2820,family,7,12057010108,1,73963,184,-82.06424653066986,28.109491893140568,33810
361524,2822,family,7,12057010108,1,73963,184,-82.06424653066986,28.109491893140568,33810
361524,2824,family,7,12057010108,1,73963,184,-82.06424653066986,28.109491893140568,33810
361524,2830,family,7,12057010108,1,73963,184,-82.06424653066986,28.109491893140568,33810
361524,2838,family,7,12057010108,1,73963,184,-82.06424653066986,28.109491893140568,33810
361525,2839,nonfamily,1,12057010108,1,61131,475,-82.06424591779508,28.10928560160296,33810
361527,3118,nonfamily,2,12057010108,1,67974,390,-82.06293560251902,28.10956079771912,33810
361527,3126,nonfamily,2,12057010108,1,67974,390,-82.06293560251902,28.10956079771912,33810
361527,3127,nonfamily,2,12057010108,2,32371,186,-82.06293560251902,28.10956079771912,33810
361527,3128,nonfamily,2,12057010108,2,32371,186,-82.06293560251902,28.10956079771912,33810
361527,3135,nonfamily,2,12057010108,3,20682,119,-82.06293560251902,28.10956079771912,33810
361527,3142,nonfamily,2,12057010108,3,20682,119,-82.06293560251902,28.10956079771912,33810
361527,3144,nonfamily,2,12057010108,4,41343,237,-82.06293560251902,28.10956079771912,33810
361527,3145,nonfamily,2,12057010108,4,41343,237,-82.06293560251902,28.10956079771912,33810
361527,3146,nonfamily,2,12057010108,5,243407,1397,-82.06293560251902,28.10956079771912,33810
361527,3149,nonfamily,2,12057010108,5,243407,1397,-82.06293560251902,28.10956079771912,33810
361527,3150,nonfamily,2,12057010108,6,112221,644,-82.06293560251902,28.10956079771912,33810
361527,3152,nonfamily,2,12057010108,6,112221,644,-82.06293560251902,28.10956079771912,33810
361528,3153,nonfamily,2,12057010108,1,76799,441,-82.06210725115778,28.112682790596157,33810
361528,3164,nonfamily,2,12057010108,1,76799,441,-82.06210725115778,28.112682790596157,33810
361529,3243,nonfamily,7,12057010108,1,53324,133,-82.0622713181905,28.11002647203183,33810
361529,3253,nonfamily,7,12057010108,1,53324,133,-82.0622713181905,28.11002647203183,33810
361529,3256,nonfamily,7,12057010108,1,53324,133,-82.0622713181905,28.11002647203183,33810
361529,3264,nonfamily,7,12057010108,1,53324,133,-82.0622713181905,28.11002647203183,33810
361529,3266,nonfamily,7,12057010108,1,53324,133,-82.0622713181905,28.11002647203183,33810
361529,3269,nonfamily,7,12057010108,1,53324,133,-82.0622713181905,28.11002647203183,33810
361529,3271,nonfamily,7,12057010108,1,53324,133,-82.0622713181905,28.11002647203183,33810
361529,3275,nonfamily,7,12057010108,2,133345,332,-82.0622713181905,28.11002647203183,33810
361529,3276,nonfamily,7,12057010108,2,133345,332,-82.0622713181905,28.11002647203183,33810
361529,3280,nonfamily,7,12057010108,2,133345,332,-82.0622713181905,28.11002647203183,33810
361529,3281,nonfamily,7,12057010108,2,133345,332,-82.0622713181905,28.11002647203183,33810
361529,3285,nonfamily,7,12057010108,2,133345,332,-82.0622713181905,28.11002647203183,33810
361529,3290,nonfamily,7,12057010108,2,133345,332,-82.0622713181905,28.11002647203183,33810
361529,3293,nonfamily,7,12057010108,2,133345,332,-82.0622713181905,28.11002647203183,33810
361529,3296,nonfamily,7,12057010108,3,66340,165,-82.0622713181905,28.11002647203183,33810
361529,3298,nonfamily,7,12057010108,3,66340,165,-82.0622713181905,28.11002647203183,33810
361529,3304,nonfamily,7,12057010108,3,66340,165,-82.0622713181905,28.11002647203183,33810
361529,3305,nonfamily,7,12057010108,3,66340,165,-82.0622713181905,28.11002647203183,33810
361529,3316,nonfamily,7,12057010108,3,66340,165,-82.0622713181905,28.11002647203183,33810
361529,3322,nonfamily,7,12057010108,3,66340,165,-82.0622713181905,28.11002647203183,33810
361529,3324,nonfamily,7,12057010108,3,66340,165,-82.0622713181905,28.11002647203183,33810
361529,3328,nonfamily,7,12057010108,4,131205,327,-82.0622713181905,28.11002647203183,33810
361529,3331,nonfamily,7,12057010108,4,131205,327,-82.0622713181905,28.11002647203183,33810
361529,3332,nonfamily,7,12057010108,4,131205,327,-82.0622713181905,28.11002647203183,33810
361529,3333,nonfamily,7,12057010108,4,131205,327,-82.0622713181905,28.11002647203183,33810
361529,3336,nonfamily,7,12057010108,4,131205,327,-82.0622713181905,28.11002647203183,33810
361529,3341,nonfamily,7,12057010108,4,131205,327,-82.0622713181905,28.11002647203183,33810
361529,3343,nonfamily,7,12057010108,4,131205,327,-82.0622713181905,28.11002647203183,33810
361529,3353,nonfamily,7,12057010108,5,66116,165,-82.0622713181905,28.11002647203183,33810
361529,3359,nonfamily,7,12057010108,5,66116,165,-82.0622713181905,28.11002647203183,33810
361529,3360,nonfamily,7,12057010108,5,66116,165,-82.0622713181905,28.11002647203183,33810
361529,3368,nonfamily,7,12057010108,5,66116,165,-82.0622713181905,28.11002647203183,33810
361529,3383,nonfamily,7,12057010108,5,66116,165,-82.0622713181905,28.11002647203183,33810
361529,3386,nonfamily,7,12057010108,5,66116,165,-82.0622713181905,28.11002647203183,33810
361529,3388,nonfamily,7,12057010108,5,66116,165,-82.0622713181905,28.11002647203183,33810
361529,3390,nonfamily,7,12057010108,6,58505,146,-82.0622713181905,28.11002647203183,33810
361529,3405,nonfamily,7,12057010108,6,58505,146,-82.0622713181905,28.11002647203183,33810
361529,3410,nonfamily,7,12057010108,6,58505,146,-82.0622713181905,28.11002647203183,33810
361529,3415,nonfamily,7,12057010108,6,58505,146,-82.0622713181905,28.11002647203183,33810
361529,3419,nonfamily,7,12057010108,6,58505,146,-82.0622713181905,28.11002647203183,33810
361529,3420,nonfamily,7,12057010108,6,58505,146,-82.0622713181905,28.11002647203183,33810
361529,3421,nonfamily,7,12057010108,6,58505,146,-82.0622713181905,28.11002647203183,33810
361530,2844,nonfamily,1,12057010108,1,31140,242,-82.06049655100252,28.111979551890837,33810
361531,2846,nonfamily,1,12057010108,1,22015,171,-82.06118387790376,28.111705706982956,33810
361532,2856,nonfamily,1,12057010108,1,20793,161,-82.06098464646979,28.111706038842375,33810
361533,2865,nonfamily,1,12057010108,1,106352,826,-82.06098507479545,28.11187669156986,33810
361534,2866,nonfamily,1,12057010108,1,182722,1419,-82.06117561187627,28.11092357031813,33810
361535,2868,nonfamily,1,12057010108,1,48653,378,-82.06069778578534,28.112256714387144,33810
361536,2869,nonfamily,1,12057010108,1,70794,550,-82.06048285424635,28.11092922687512,33810
361537,2871,nonfamily,1,12057010108,1,20084,156,-82.06049430227017,28.111703102104688,33810
361538,2874,nonfamily,1,12057010108,1,77116,599,-82.06147100941702,28.11134820776382,33810
361539,3165,nonfamily,2,12057010108,1,3606,21,-82.06069530441825,28.1119372539642,33810
361539,3166,nonfamily,2,12057010108,1,3606,21,-82.06069530441825,28.1119372539642,33810
361540,2884,nonfamily,1,12057010108,1,24190,188,-82.06097478867586,28.111458649399623,33810
361541,2886,nonfamily,1,12057010108,1,125979,978,-82.06069696659888,28.1121169041673,33810
361542,2896,nonfamily,1,12057010108,1,117473,912,-82.06048778023765,28.111462857835697,33810
361543,2897,nonfamily,1,12057010108,1,53687,417,-82.0604866995655,28.11132959155143,33810
361544,2898,nonfamily,1,12057010108,1,94979,737,-82.06048571720238,28.111195863189888,33810
361545,2904,nonfamily,1,12057010108,1,87577,680,-82.0611756275821,28.111193255734367,33810
361546,2909,nonfamily,1,12057010108,1,117707,914,-82.06097438026178,28.11132551537267,33810
361547,2920,nonfamily,1,12057010108,1,124545,967,-82.06068844950742,28.111461434090927,33810
361548,2922,nonfamily,1,12057010108,1,123464,959,-82.06068751063412,28.111328753056466,33810
361549,2929,nonfamily,1,12057010108,1,22739,177,-82.06117489316075,28.1110587686412,33810
361550,2937,nonfamily,1,12057010108,1,73760,573,-82.06117503191635,28.111457522396115,33810
361551,2943,nonfamily,1,12057010108,1,20881,162,-82.06118419129876,28.11184176619236,33810
361552,2949,nonfamily,1,12057010108,1,72488,563,-82.06146978226262,28.11094641239298,33810
361553,2950,nonfamily,1,12057010108,1,120286,934,-82.06098632432878,28.11225981359891,33810
361554,2957,nonfamily,1,12057010108,1,73250,569,-82.06118383334123,28.11197636419237,33810
361555,2958,nonfamily,1,12057010108,1,30754,239,-82.06146067095528,28.111840748683157,33810
361556,2963,nonfamily,1,12057010108,1,58109,451,-82.06118377956494,28.11211851044366,33810
361557,2964,nonfamily,1,12057010108,1,32051,249,-82.06145971144153,28.111703701707324,33810
361558,2971,nonfamily,1,12057010108,1,13718,107,-82.06068440321053,28.110928341193915,33810
361559,2974,nonfamily,1,12057010108,1,47894,372,-82.06068549711723,28.111061898691027,33810
361560,2976,nonfamily,1,12057010108,1,142098,1103,-82.06048361233023,28.1110641222417,33810
361561,2982,nonfamily,1,12057010108,1,14594,113,-82.06097340780666,28.11105977411285,33810
361562,2983,nonfamily,1,12057010108,1,128804,1000,-82.06097267282621,28.110924660761714,33810
361563,2988,nonfamily,1,12057010108,1,93968,730,-82.06068640922584,28.111194338041123,33810
361564,2991,nonfamily,1,12057010108,1,60369,469,-82.06097391824947,28.11119218634015,33810
361565,2997,nonfamily,1,12057010108,1,53128,412,-82.06147053705563,28.11121303525737,33810
361566,2998,nonfamily,1,12057010108,1,65821,511,-82.06147002717753,28.1110790370215,33810
361567,3001,nonfamily,1,12057010108,1,29602,230,-82.06117509065106,28.111325504207876,33810
361568,3003,nonfamily,1,12057010108,1,36573,284,-82.06147152094397,28.111479300151608,33810
361569,3008,nonfamily,1,12057010108,1,88128,684,-82.06069386052448,28.11170361014345,33810
361570,3011,nonfamily,1,12057010108,1,127575,990,-82.06049508800739,28.11184161592813,33810
361572,3021,nonfamily,1,12057010108,1,80000,621,-82.06146085765283,28.111977031788904,33810
361573,3023,nonfamily,1,12057010108,1,124856,969,-82.0604981544923,28.11211719284631,33810
361574,3026,nonfamily,1,12057010108,1,177578,1379,-82.06098594566215,28.11208437176321,33810
361575,3027,nonfamily,1,12057010108,1,33059,257,-82.06049936550212,28.112256855198304,33810
361577,3033,nonfamily,1,12057010108,1,26640,207,-82.06011227475638,28.11295524401137,33810
361578,3035,nonfamily,1,12057010108,1,69983,543,-82.06002016765107,28.112955338970973,33810
361579,3036,nonfamily,1,12057010108,1,89132,692,-82.05993465077306,28.112963074168587,33810
361580,3037,nonfamily,1,12057010108,1,65250,507,-82.05984409028453,28.1129630298695,33810
361581,3039,nonfamily,1,12057010108,1,81791,635,-82.05974961099835,28.112955259022247,33810
361582,3042,nonfamily,1,12057010108,1,96485,749,-82.05964363564759,28.1129551616085,33810
361583,3044,nonfamily,1,12057010108,1,30776,239,-82.05951824123522,28.112856888986013,33810
361584,3049,nonfamily,1,12057010108,1,86721,673,-82.0595184452186,28.112760955403942,33810
361585,3051,nonfamily,1,12057010108,1,72582,564,-82.05952448613846,28.11266147125573,33810
361586,3053,nonfamily,1,12057010108,1,114128,886,-82.0595246963254,28.112570371906013,33810
361587,3054,nonfamily,1,12057010108,1,48317,375,-82.05951842616696,28.112482321201508,33810
361588,3055,nonfamily,1,12057010108,1,27108,210,-82.05951817190302,28.11239602272181,33810
361589,3056,nonfamily,1,12057010108,1,40629,315,-82.05951822174556,28.11217012095529,33810
361590,3058,nonfamily,1,12057010108,1,77378,601,-82.05951852427816,28.112082977222173,33810
361591,3064,nonfamily,1,12057010108,1,33829,263,-82.05951825931577,28.11199540789952,33810
361592,3065,nonfamily,1,12057010108,1,78461,609,-82.05951822188065,28.11190441434614,33810
361593,3066,nonfamily,1,12057010108,1,195,2,-82.05951845740027,28.111802272707152,33810
361594,3067,nonfamily,2,12057010108,1,103712,595,-82.0595180547043,28.11170605963727,33810
361594,3068,nonfamily,2,12057010108,1,103712,595,-82.0595180547043,28.11170605963727,33810
361595,3069,nonfamily,2,12057010108,1,104481,600,-82.05964503015224,28.111602811187776,33810
361595,3075,nonfamily,2,12057010108,1,104481,600,-82.05964503015224,28.111602811187776,33810
361596,3076,nonfamily,2,12057010108,1,112785,647,-82.05974849634471,28.111602929588702,33810
361596,3080,nonfamily,2,12057010108,1,112785,647,-82.05974849634471,28.111602929588702,33810
361597,3086,nonfamily,2,12057010108,1,20750,119,-82.05985069863337,28.11160277677124,33810
361597,3091,nonfamily,2,12057010108,1,20750,119,-82.05985069863337,28.11160277677124,33810
361598,3093,nonfamily,2,12057010108,1,91768,527,-82.0599597901799,28.111602704274524,33810
361598,3099,nonfamily,2,12057010108,1,91768,527,-82.0599597901799,28.111602704274524,33810
361599,3100,nonfamily,2,12057010108,1,46472,267,-82.06007072894218,28.111602642664145,33810
361599,3101,nonfamily,2,12057010108,1,46472,267,-82.06007072894218,28.111602642664145,33810
361600,3102,nonfamily,2,12057010108,1,31698,182,-82.06018086095627,28.111602768596462,33810
361600,3106,nonfamily,2,12057010108,1,31698,182,-82.06018086095627,28.111602768596462,33810
